"model_name","id","AIC","horizon","pred","actual"
"2i",1,-123.989397818643,40,0.0232316720882194,0
"2ni",1,-118.936171021947,40,-0.0016243267636904,0
"3i",1,-117.358291742871,40,0.00799044960553935,0
"3ni",1,-111.028496722962,40,-0.00632046521372744,0
"4i",1,-112.690467864372,40,0.0652980118399419,0
"4ni",1,-120.780148692398,40,0.0345864531646099,0
"9ni",1,-54.1085843882551,40,-0.0477398451884225,0
"2i",1,-210.895595502693,60,0.0697108232698146,0
"2ni",1,-205.360478651411,60,0.085071870579931,0
"3i",1,-219.554957049973,60,0.0726520295483015,0
"3ni",1,-215.620972467065,60,0.0615602489602815,0
"4i",1,-196.08926005832,60,0.920571785689527,0
"4ni",1,-208.016703841832,60,0.561331222795221,0
"9ni",1,-145.685411858253,60,0.546471680067089,0
"2i",1,-234.295485128447,80,0.0579675621342726,0
"2ni",1,-235.914305575929,80,0.0625936404457109,0
"3i",1,-266.067067433433,80,0.0535664598773391,0
"3ni",1,-245.849651101121,80,0.111671777621988,0
"4i",1,-267.648906843383,80,0.113207651202897,0
"4ni",1,-275.585644400856,80,0.0832350292780279,0
"9ni",1,-185.120845246946,80,0.0703884002317486,0
"2i",2,-74.1963947689331,40,3.70432509620588e-05,0
"2ni",2,-78.1892816985543,40,0.00015391112454599,0
"3i",2,-66.2228342385582,40,0.000250069939439847,0
"3ni",2,-89.8344283510647,40,-5.76767405360086e-06,0
"4i",2,-44.3552725862564,40,-0.000101253351438587,0
"4ni",2,-85.0300777172623,40,0.000130865576908234,0
"9ni",2,15.9465391997356,40,0.00123993643604177,0
"2i",2,-155.403448895125,60,-0.000228581205395431,0
"2ni",2,-159.276484298813,60,2.3675398997322e-05,0
"3i",2,-149.43924796915,60,0.00897607732828331,0
"3ni",2,-165.746506588738,60,3.13180337935239e-06,0
"4i",2,-141.157553837638,60,-5.01114198835805e-05,0
"4ni",2,-169.905961445569,60,0.00940128078815281,0
"9ni",2,-59.7244372457668,60,0.00313300519661551,0
"2i",2,-298.901577880238,80,7.98576980761295e-05,0
"2ni",2,-302.501890132632,80,8.64362279085964e-05,0
"3i",2,-259.303413220134,80,-7.02644090706805e-06,0
"3ni",2,-271.959481567503,80,1.50797146087293e-05,0
"4i",2,-297.172173997347,80,0.00266418988901564,0
"4ni",2,-313.810507461625,80,-0.00232843757554261,0
"9ni",2,-183.910556623985,80,0.000384962821549185,0
"2i",3,-679.229088779356,40,0.000534540652381317,0
"2ni",3,-640.630844140049,40,0.00337667603642527,0
"3i",3,-478.767527071221,40,8.88699235076121e-05,0
"3ni",3,-683.545606334141,40,0.00126714962763855,0
"4i",3,-430.057560048881,40,0.000134473055128956,0
"4ni",3,-490.514550084366,40,0.000144052578677564,0
"9ni",3,-614.208807546691,40,0.00290559095553249,0
"2i",3,-1118.93959596115,60,-0.0016284890823846,0
"2ni",3,-1065.70501822692,60,-0.00094408105867902,0
"3i",3,-878.860758275441,60,-0.000328280103167787,0
"3ni",3,-1132.30648103099,60,0.00548944367992706,0
"4i",3,-822.759323866702,60,-0.000301549321660492,0
"4ni",3,-1131.24032710226,60,-0.00520847594580707,0
"9ni",3,-1035.47573938235,60,0.00315764678777389,0
"2i",3,-1455.7465178098,80,0.000690442709298913,0
"2ni",3,-1458.64812902179,80,0.00426918311256652,0
"3i",3,-1470.55129491396,80,-0.00598146895827139,0
"3ni",3,-1480.43562974844,80,-0.00278399611550463,0
"4i",3,-1461.11839049353,80,-0.000795003080201851,0
"4ni",3,-1394.93003610737,80,0.00227803213668675,0
"9ni",3,-1383.85779588783,80,0.0149348760122199,0
"2i",4,-728.195073849565,40,0.00935772419067003,0
"2ni",4,-422.082900462189,40,-2.99882759306961e-08,0
"3i",4,-216.696200083011,40,2.11050400010956e-09,0
"3ni",4,-270.203335817286,40,1.06710088132641e-06,0
"4i",4,-209.270026228368,40,1.80962151618025e-11,0
"4ni",4,-175.75349833663,40,3.56382065916593e-06,0
"9ni",4,-498.679425057339,40,0.191816017793436,0
"2i",4,-645.993676502539,60,0.00153178084731912,0
"2ni",4,-705.99120145553,60,0.114637644094263,0
"3i",4,-370.597871827041,60,1.25299533123267e-06,0
"3ni",4,-678.479536469072,60,-0.0391753790871898,0
"4i",4,-373.482090046831,60,6.04991795998393e-08,0
"4ni",4,-607.544337453107,60,-0.0303419938303127,0
"9ni",4,-789.06140338856,60,0.27380432415476,0
"2i",4,-858.920168625106,80,-0.000129732926637175,0
"2ni",4,-1053.79818036903,80,-0.00229878265831374,0
"3i",4,-789.12425977716,80,0.00234247886213615,0
"3ni",4,-1068.57663884015,80,0.00580596126217445,0
"4i",4,-444.105966416221,80,-1.42080654560214e-08,0
"4ni",4,-630.968925225815,80,-2.89566440693598e-05,0
"9ni",4,-753.255968984018,80,-0.167568217702293,0
"2i",5,36.3824458905453,40,1.09411935471775e-19,0
"2ni",5,44.406369545129,40,2.42811150404362e-18,0
"3i",5,31.4924014698839,40,2.36533636314459e-19,0
"3ni",5,45.4349255190119,40,-0.00205974689643792,0
"4i",5,41.6090609607646,40,-0.00139994953104864,0
"4ni",5,48.5401448545386,40,0.00273685104783672,0
"9ni",5,105.224450034887,40,-0.0070944807654787,0
"2i",5,136.696476736982,60,1.59048472741277e-05,0
"2ni",5,140.562563225999,60,-1.24874781088679e-05,0
"3i",5,117.901281866681,60,-2.327513741521e-05,0
"3ni",5,118.965538017399,60,7.14754544157343e-05,0
"4i",5,104.831516591137,60,0.0033748532103481,0
"4ni",5,117.463035282127,60,9.10041110846762e-06,0
"9ni",5,150.117424995538,60,1.15239125996763e-05,0
"2i",5,168.436269888547,80,-4.36244328292418e-07,0
"2ni",5,173.776475162322,80,-3.07093299156289e-06,0
"3i",5,144.687411520567,80,3.84216959181984e-06,0
"3ni",5,145.87060158802,80,-2.35456940199871e-06,0
"4i",5,133.886966624866,80,0.000326838753496039,0
"4ni",5,147.308818116432,80,9.65017159356622e-06,0
"9ni",5,205.043423935026,80,0.000516544081964767,0
"2i",6,-207.112073374927,40,0.412032183234025,0
"2ni",6,-199.655696743224,40,0.436572734607139,0
"3i",6,-198.208645125174,40,0.447505080433221,0
"3ni",6,-214.560104346143,40,0.373265115907667,0
"4i",6,-198.877711875734,40,0.237626238472904,0
"4ni",6,-223.878733630707,40,0.188596876694887,0
"9ni",6,-155.5441646985,40,0.319439621055278,0
"2i",6,-136.796759465826,60,0.188717663458024,0
"2ni",6,-138.001173026187,60,0.205128361189759,0
"3i",6,-150.754066327747,60,0.0731616167889604,0
"3ni",6,-167.645013428188,60,0.200742625497844,0
"4i",6,-171.4621775991,60,0.0561092214829464,0
"4ni",6,-178.689990964901,60,0.0736089231958449,0
"9ni",6,-153.665830532473,60,0.0738979621456277,0
"2i",6,-173.202745819175,80,0.340757457654801,0
"2ni",6,-177.063530633288,80,0.342949051472129,0
"3i",6,-197.823365519739,80,0.411141480863137,0
"3ni",6,-208.668730091636,80,0.386871375345288,0
"4i",6,-233.402424560721,80,0.364878515579378,0
"4ni",6,-247.279372728233,80,0.354850270028604,0
"9ni",6,-175.805393768077,80,0.421156689071591,0
"2i",7,-421.307226230217,40,0.000796586505718637,0
"2ni",7,-423.872093886029,40,0.000311779122668125,0
"3i",7,-136.276684744426,40,3.05159277930386e-10,0
"3ni",7,-417.368612184889,40,-0.00207582848340017,0
"4i",7,-64.8421477628032,40,2.84501517239163e-12,0
"4ni",7,-406.772964071421,40,0.00011777656145624,0
"9ni",7,-341.15382894467,40,-2.33485036411052e-24,0
"2i",7,-145.664838602118,60,1.8857037690753e-07,0
"2ni",7,-149.615351067487,60,4.89403447203824e-05,0
"3i",7,-78.7573297131163,60,3.39080270683012e-09,0
"3ni",7,-92.1214529579848,60,4.2884134663926e-06,0
"4i",7,-15.5405745669093,60,6.60980801726348e-11,0
"4ni",7,-42.2246613392886,60,3.77166257548854e-07,0
"9ni",7,20.7226641552145,60,2.543389041003e-13,0
"2i",7,-275.580885914228,80,1.86417811851694e-09,0
"2ni",7,-287.61804352745,80,1.44030209805191e-06,0
"3i",7,-203.196152384846,80,1.24213871463278e-11,0
"3ni",7,-226.112270554837,80,4.68158646953049e-08,0
"4i",7,-137.1392881797,80,1.97158091505011e-13,0
"4ni",7,-173.76449428062,80,1.77217242998198e-09,0
"9ni",7,-71.5140718076188,80,9.11298776440492e-19,0
"2i",8,-59.1799684250661,40,0.280932225628626,0
"2ni",8,-62.5154655408798,40,0.281067537121395,0
"3i",8,-68.6069456962843,40,0.271069712439744,0
"3ni",8,-70.0268401561148,40,0.276354571871535,0
"4i",8,-58.1912140668206,40,0.193332277118116,0
"4ni",8,-60.7698185896971,40,0.115135155959684,0
"9ni",8,-3.89753465937513,40,0.0224029718312869,0
"2i",8,-158.527906763844,60,0.206994173878298,0
"2ni",8,-162.039341704356,60,0.206829423485267,0
"3i",8,-179.304944645412,60,0.188753844964566,0
"3ni",8,-177.260819025569,60,0.178018770632372,0
"4i",8,-186.20750760303,60,0.1610334007028,0
"4ni",8,-180.056322522353,60,0.149944100707212,0
"9ni",8,-68.0770537347467,60,0.184147658120797,0
"2i",8,-295.200664741241,80,0.174877784488583,0
"2ni",8,-298.545023558635,80,0.174452721803521,0
"3i",8,-333.17865637608,80,0.0922173876754961,0
"3ni",8,-326.496596588856,80,0.120797874870826,0
"4i",8,-343.250356108885,80,0.0825247633726371,0
"4ni",8,-347.219330930245,80,0.11390786125098,0
"9ni",8,-164.728710657862,80,0.0649691650730824,0
"2i",9,-253.843145233929,40,0.148211466719506,0
"2ni",9,-255.572002720408,40,0.148341785740951,0
"3i",9,-254.483155708948,40,0.452019745854555,0
"3ni",9,-257.721515378943,40,0.158105465232072,0
"4i",9,-242.331385399277,40,0.368005010133851,0
"4ni",9,-250.864176618636,40,0.143905730113274,0
"9ni",9,-170.794800129354,40,0.176240079348485,0
"2i",9,-428.270259459789,60,0.484795632848776,0
"2ni",9,-426.53318389606,60,0.424788723126342,0
"3i",9,-428.686894069861,60,0.553329150308646,0
"3ni",9,-431.477763206148,60,0.495113372106765,0
"4i",9,-412.117265270359,60,0.59923388079404,0
"4ni",9,-434.147357180203,60,0.500930455864672,0
"9ni",9,-102.060053794981,60,0.745589966046546,0
"2i",9,-566.203160517835,80,0.355149590587116,0
"2ni",9,-564.863292567887,80,0.355512146622586,0
"3i",9,-586.874374423133,80,0.378381946864398,0
"3ni",9,-591.519010248549,80,0.379904666711842,0
"4i",9,-561.476236663349,80,0.458674326862985,0
"4ni",9,-600.554240953553,80,0.367602737928611,0
"9ni",9,-407.269256296156,80,0.44778806054103,0
"2i",10,-436.983636538637,40,1.1782046033338,0
"2ni",10,-441.389372104045,40,1.19738012334757,0
"3i",10,-445.825308701025,40,1.79053768995502,0
"3ni",10,-399.88709635655,40,0.97488412484323,0
"4i",10,-300.171233466535,40,-0.158674649878352,0
"4ni",10,-393.087433893516,40,1.07641586938859,0
"9ni",10,-147.935978137608,40,0.988072682757551,0
"2i",10,-591.249133903744,60,0.803606377036826,1
"2ni",10,-595.139264689362,60,0.800402251087653,1
"3i",10,-577.681058625086,60,0.791534851053916,1
"3ni",10,-583.960685482741,60,0.797968789629066,1
"4i",10,-550.044724692912,60,0.869936137577489,1
"4ni",10,-584.420735478966,60,0.830276728095896,1
"9ni",10,-491.829581090267,60,0.813681403144481,1
"2i",10,-803.139204887959,80,0.845187531984905,0
"2ni",10,-806.986212388524,80,0.85116666621889,0
"3i",10,-795.050651833928,80,0.834982128235611,0
"3ni",10,-799.942577835302,80,0.882083337607149,0
"4i",10,-771.908094158071,80,0.82277923208307,0
"4ni",10,-754.515691871537,80,0.89048547990247,0
"9ni",10,-663.846217878885,80,0.852970638116018,0
"2i",11,-263.655144013804,40,0.119137118715156,0
"2ni",11,-248.948367616638,40,0.163296507371175,0
"3i",11,-247.910453373114,40,0.102257354026781,0
"3ni",11,-278.257866983262,40,0.17295287468807,0
"4i",11,-247.856116151049,40,0.0821205412554007,0
"4ni",11,-272.262700759273,40,0.128140343689144,0
"9ni",11,-19.4431301962935,40,0.0736483603305469,0
"2i",11,-324.353615327075,60,0.146616526407049,0
"2ni",11,-324.719936854049,60,0.156154760013032,0
"3i",11,-366.259713423552,60,0.116642989365061,0
"3ni",11,-373.671925299102,60,0.131265786810432,0
"4i",11,-371.847460038625,60,0.0490037289507049,0
"4ni",11,-379.951208790034,60,0.108113901243579,0
"9ni",11,-153.953736973185,60,0.106594370634157,0
"2i",11,-425.972938579594,80,0.0935367802229023,0
"2ni",11,-429.059128804103,80,0.0913638245087957,0
"3i",11,-517.595900759024,80,0.102537547371555,0
"3ni",11,-521.506531621776,80,0.0921413147665936,0
"4i",11,-518.08609733169,80,0.104618600754448,0
"4ni",11,-532.995236146917,80,0.0811007545275475,0
"9ni",11,-287.779317038291,80,0.0568754439813188,0
"2i",12,-549.484361231768,40,-0.000859244651975946,0
"2ni",12,-565.0315382176,40,-0.00216742023065625,0
"3i",12,-570.367509472519,40,-0.000210130675493895,0
"3ni",12,-579.524180168199,40,-4.14139043379494e-05,0
"4i",12,-565.379605758661,40,-0.00322042512727619,0
"4ni",12,-578.078351326771,40,4.12201532627048e-06,0
"9ni",12,-501.579514376521,40,-1.59460745749478e-21,0
"2i",12,-859.099418975886,60,-0.0008317164040977,0
"2ni",12,-861.959064367215,60,-0.00347056704375328,0
"3i",12,-859.623822132531,60,0.000511293729052067,0
"3ni",12,-868.141804577149,60,0.000119792199213554,0
"4i",12,-655.154747192353,60,1.30762226438733e-15,0
"4ni",12,-870.990999342228,60,-0.000366162715100912,0
"9ni",12,-784.812087061219,60,-1.48105129157304e-37,0
"2i",12,-1141.54955924394,80,-1.67494469047796e-08,0
"2ni",12,-1226.09829615701,80,-0.000159175977763201,0
"3i",12,-1176.67580752159,80,1.26372180719602e-08,0
"3ni",12,-1231.80128619361,80,0.00047843822950484,0
"4i",12,-1155.71641690761,80,1.02586011678761e-10,0
"4ni",12,-1240.71031248704,80,0.00246718111227633,0
"9ni",12,-1126.749615349,80,-1.16698490942694e-20,0
"2i",13,-675.011257607729,40,-3.58415832433615e-13,0
"2ni",13,-676.561777243188,40,-8.04407281312413e-11,0
"3i",13,-650.628302457955,40,-3.03926233316545e-13,0
"3ni",13,-654.059231587418,40,-2.21128429067545e-07,0
"4i",13,-659.20254401047,40,-1.86357122844087e-12,0
"4ni",13,-661.5891179862,40,-9.87324534074018e-07,0
"9ni",13,-279.877726078935,40,4.86476928665484e-45,0
"2i",13,-962.383981456241,60,0.00270629034718746,0
"2ni",13,-967.322859959085,60,0.0021161216627965,0
"3i",13,-994.36931362145,60,-0.00709106223218334,0
"3ni",13,-1024.34437265293,60,0.000498642273585839,0
"4i",13,-776.579231105913,60,-2.02342413521932e-10,0
"4ni",13,-1038.87255726058,60,-0.000476668847131402,0
"9ni",13,-953.875250255795,60,-1.62124517731665e-22,0
"2i",13,-1061.61442623403,80,-0.00316691106164665,0
"2ni",13,-1129.08992929882,80,-0.00122272465306282,0
"3i",13,-1180.27766110275,80,-0.000692587937989778,0
"3ni",13,-1197.79783838802,80,0.000203940718360041,0
"4i",13,-1138.94277053607,80,-2.74173298289062e-06,0
"4ni",13,-1206.04320859469,80,-0.00289173910948943,0
"9ni",13,-1132.20248378603,80,-0.000926967366447796,0
"2i",14,-160.363308494472,40,0.0808555129848802,0
"2ni",14,-164.327702657593,40,0.0801404548634373,0
"3i",14,-159.652898502157,40,0.0505815035800758,0
"3ni",14,-168.920447685395,40,0.0575841049632628,0
"4i",14,-151.160686356065,40,0.102583400425038,0
"4ni",14,-158.560851384168,40,0.0380152619801971,0
"9ni",14,-84.0990511265018,40,0.0731529661875507,0
"2i",14,-259.732131922971,60,0.0160223228255593,0
"2ni",14,-263.498587411105,60,0.0136847345599511,0
"3i",14,-275.495044927465,60,0.0388714891608745,0
"3ni",14,-275.400449570702,60,0.0327176253584851,0
"4i",14,-261.403471590675,60,0.0150009018409982,0
"4ni",14,-274.002162381337,60,0.0272633680858415,0
"9ni",14,-107.510304725442,60,-0.0450476039865873,0
"2i",14,-434.008610670128,80,0.0271073756888928,0
"2ni",14,-437.715119609159,80,0.0267371867532775,0
"3i",14,-452.362603687177,80,0.0272280987155686,0
"3ni",14,-451.777126417055,80,0.026083860018032,0
"4i",14,-446.900113511993,80,-0.00310639743893705,0
"4ni",14,-454.549238009128,80,0.0358947969161677,0
"9ni",14,-326.025449611802,80,0.0204040432446383,0
"2i",15,12.5639386612254,40,0.142170636223917,0
"2ni",15,11.0960256825581,40,0.163279118760058,0
"3i",15,22.0222944469929,40,0.151409991137508,0
"3ni",15,15.0351284437849,40,0.100731772102213,0
"4i",15,85.1337599273494,40,0.199966258077758,0
"4ni",15,11.1508614277225,40,0.149197743307882,0
"9ni",15,52.8383004969263,40,0.19108885112573,0
"2i",15,-59.5384232851021,60,0.0750572251113755,0
"2ni",15,-32.0485986315933,60,0.0848580053687898,0
"3i",15,-63.4579352815533,60,0.0769067526773095,0
"3ni",15,-62.0744912865603,60,0.08159455569575,0
"4i",15,-27.1447782397202,60,0.0773904421982922,0
"4ni",15,-83.3448251046864,60,0.0775037442314876,0
"9ni",15,-10.3121649400993,60,0.0966066763388725,0
"2i",15,-128.482351352343,80,0.111260946205654,0
"2ni",15,-131.013493034655,80,0.112023685738068,0
"3i",15,-127.154874420094,80,0.132289187040112,0
"3ni",15,-136.415895717186,80,0.114777730160687,0
"4i",15,-134.175358365103,80,0.170735532886958,0
"4ni",15,-158.941169050938,80,0.17327749554384,0
"9ni",15,-91.2412079403553,80,0.21971432138915,0
"2i",16,-489.955986544777,40,-0.0047516673867576,0
"2ni",16,-493.890738123839,40,0.000119893860107212,0
"3i",16,-447.56708713566,40,-0.00133357844288454,0
"3ni",16,-514.102982329814,40,0.00364563008574278,0
"4i",16,-451.830426590265,40,-0.00143491001922257,0
"4ni",16,-520.194668886052,40,-0.00563347467120189,0
"9ni",16,-481.755110592306,40,-0.0019481859274439,0
"2i",16,-783.872741308599,60,-0.00160616441227014,0
"2ni",16,-791.925076444218,60,0.000310485850050627,0
"3i",16,-788.310031540867,60,0.00281392183886376,0
"3ni",16,-818.898123394439,60,-0.0129889826837628,0
"4i",16,-792.054078491718,60,0.00624923423780059,0
"4ni",16,-834.164955750336,60,0.00136750559331425,0
"9ni",16,-792.154725044656,60,1.68592498003235e-29,0
"2i",16,-1031.36638146333,80,0.0265780687410914,0
"2ni",16,-1034.68404283235,80,0.0156948913967714,0
"3i",16,-1023.88700667951,80,0.0180872520737612,0
"3ni",16,-1056.84417156453,80,0.0231400298967388,0
"4i",16,-625.44532106042,80,0.0250272795421542,0
"4ni",16,-1089.50926296678,80,0.0280778131194612,0
"9ni",16,-1050.44971785152,80,0.018249637087999,0
"2i",17,-132.188462288379,40,0.598403300693545,1
"2ni",17,-135.333044463858,40,0.601285868551263,1
"3i",17,-148.859411110821,40,0.740383917104708,1
"3ni",17,-148.153265139377,40,0.840737523292121,1
"4i",17,-153.44361883727,40,0.64572284288664,1
"4ni",17,-151.636851745072,40,0.821842182829706,1
"9ni",17,-20.0503342119797,40,0.885541860671634,1
"2i",17,-206.806154540655,60,0.531922521635272,0
"2ni",17,-210.746595293746,60,0.532248528911082,0
"3i",17,-221.117482947654,60,0.511964060201584,0
"3ni",17,-229.579367505173,60,0.486602611308401,0
"4i",17,-222.764893624232,60,0.113629244320788,0
"4ni",17,-227.579744802071,60,0.232213501438538,0
"9ni",17,-54.0211157555591,60,0.32092085989562,0
"2i",17,-262.933377896767,80,0.578302191971763,0
"2ni",17,-266.789198141277,80,0.578716334193547,0
"3i",17,-269.107146343307,80,0.609130451952064,0
"3ni",17,-276.637922867233,80,0.630072530263322,0
"4i",17,-269.338479991944,80,0.568690286372672,0
"4ni",17,-276.952885568968,80,0.602432846222407,0
"9ni",17,-59.91778077106,80,0.580479383120737,0
"2i",18,-716.810138380784,40,-3.17717138199318e-10,0
"2ni",18,-745.24745534632,40,-1.2343882417997e-14,0
"3i",18,-609.335942963323,40,-5.43671725559968e-21,0
"3ni",18,-624.03103430719,40,-7.14112897402938e-16,0
"4i",18,-459.541212784996,40,-7.13920514700075e-30,0
"4ni",18,-620.530454811274,40,-6.07683729722382e-18,0
"9ni",18,-607.928086164086,40,-2.30262394652333e-60,0
"2i",18,-955.661147288105,60,-3.12809468380166e-11,0
"2ni",18,-1542.94691869198,60,-1.0890699062339e-25,0
"3i",18,-582.942482007442,60,3.26425227861911e-19,0
"3ni",18,-867.191503654879,60,-0.00535875904481181,0
"4i",18,-504.120983660121,60,2.97489742961487e-21,0
"4ni",18,-761.823079251972,60,-7.27156236610365e-13,0
"9ni",18,-1730.41729912787,60,1.29607597982195e-67,0
"2i",18,-1359.67459153413,80,0.000394303877354299,0
"2ni",18,-1364.35665966744,80,-0.00435539933006483,0
"3i",18,-1006.11746496269,80,-1.60677200244227e-15,0
"3ni",18,-1372.07809144808,80,-0.000108284526391035,0
"4i",18,-874.33725817861,80,-2.41122801891657e-17,0
"4ni",18,-1359.6634045833,80,0.000137574350657954,0
"9ni",18,-1132.64785864161,80,-2.12653526352785e-31,0
"2i",19,30.7590733685423,40,9.10799213826863e-13,0
"2ni",19,29.6223820079767,40,1.05374235725986e-08,0
"3i",19,78.7830113534716,40,4.06780568285026e-07,0
"3ni",19,53.7577925112308,40,-8.25451727803905e-09,0
"4i",19,126.306889649811,40,9.74809403198051e-07,0
"4ni",19,104.177554628875,40,2.69770147887094e-07,0
"9ni",19,126.790778107557,40,8.63264374567629e-08,0
"2i",19,-69.1236871304774,60,2.45655377428822e-08,0
"2ni",19,-100.165978338794,60,-5.7943995435128e-10,0
"3i",19,-10.7722728711097,60,3.66517985558867e-07,0
"3ni",19,-56.1193255677003,60,-1.50106865381971e-07,0
"4i",19,42.4221243260232,60,6.57349607094404e-07,0
"4ni",19,20.3560795428748,60,2.03038411450418e-06,0
"9ni",19,75.0619735974413,60,5.98125690365325e-07,0
"2i",19,-129.808736224576,80,7.76731429175115e-10,0
"2ni",19,-171.344415142423,80,-2.61288096298218e-08,0
"3i",19,-65.7897133638496,80,3.80137456387764e-07,0
"3ni",19,-75.3258254076,80,2.6300801438256e-06,0
"4i",19,-50.9183730706976,80,-7.03640927648963e-07,0
"4ni",19,-28.475702885146,80,2.83212587659509e-07,0
"9ni",19,41.6148613189111,80,1.26755928972488e-06,0
"2i",20,-559.499502421033,40,-8.67164740702598e-25,0
"2ni",20,-574.762579789105,40,-0.000996618834708194,0
"3i",20,-471.968478089703,40,-1.6167957017891e-23,0
"3ni",20,-608.073255043267,40,0.000763352469227076,0
"4i",20,-459.155038273473,40,-3.69719338760025e-27,0
"4ni",20,-572.489281496392,40,0.0026063628292143,0
"9ni",20,-534.159404445629,40,8.3460222550276e-22,0
"2i",20,-962.953434967445,60,0.0182631415979296,1
"2ni",20,-966.375491519903,60,0.0143130955077967,1
"3i",20,-766.411752683417,60,0.0478474764523136,1
"3ni",20,-932.148972526746,60,0.0270107422594465,1
"4i",20,-667.577973986379,60,0.0423947797889748,1
"4ni",20,-982.489625880443,60,0.00632472235183286,1
"9ni",20,-921.954414419307,60,0.10494083150022,1
"2i",20,-1108.71457855589,80,0.0593675238288208,0
"2ni",20,-1112.65524329506,80,0.0585958097390049,0
"3i",20,-1110.66067733869,80,0.061948612673784,0
"3ni",20,-1128.66393135225,80,0.0768297623777892,0
"4i",20,-982.554355257366,80,-0.0685053803658252,0
"4ni",20,-1133.69485258842,80,0.119052416498142,0
"9ni",20,-1054.13353300725,80,0.0634137917232118,0
"2i",21,-854.939447607297,40,-4.27229717042426e-32,0
"2ni",21,-726.984377556699,40,-1.80839166074209e-41,0
"3i",21,-495.118210928433,40,5.9825406542543e-37,0
"3ni",21,-543.38511669233,40,5.19343505327297e-20,0
"4i",21,-431.86936001729,40,5.69496417824769e-41,0
"4ni",21,-428.320634440476,40,2.52774131406352e-22,0
"9ni",21,-844.675835566089,40,-3.00130403708815e-100,0
"2i",21,-964.655792058226,60,-5.20968746758535e-19,0
"2ni",21,-906.996857587323,60,-8.7369564139403e-15,0
"3i",21,-762.68775950045,60,-2.31693592820202e-22,0
"3ni",21,-827.730435820296,60,2.04153198209805e-12,0
"4i",21,-703.092820049219,60,-3.75720724820871e-30,0
"4ni",21,-825.345635196644,60,-1.87481686334209e-11,0
"9ni",21,-1061.94223101868,60,-1.30907793688544e-84,0
"2i",21,-1040.78345421215,80,3.21077241129871e-12,0
"2ni",21,-1066.67506050719,80,-3.58241355946103e-11,0
"3i",21,-867.421127799477,80,1.58388130971021e-19,0
"3ni",21,-920.299862035964,80,1.24469703735174e-12,0
"4i",21,-811.928733779467,80,2.73074602457121e-25,0
"4ni",21,-866.224085026451,80,-2.70611547750214e-16,0
"9ni",21,-1387.54509739353,80,1.10135617144223e-93,0
"2i",22,-391.055561134335,40,0.00179019935766364,0
"2ni",22,-388.289210656752,40,1.66785440710216e-20,0
"3i",22,-378.082612561392,40,8.57853515226512e-21,0
"3ni",22,-372.908738962406,40,0.000116012719174737,0
"4i",22,-377.813348150682,40,9.27684905323606e-24,0
"4ni",22,-373.651385915297,40,-3.61453395983969e-05,0
"9ni",22,-298.262783723244,40,-9.46256815857737e-62,0
"2i",22,-460.255858835211,60,4.90976055882784e-20,0
"2ni",22,-701.641846701334,60,1.21227437309684e-16,0
"3i",22,-354.530054990565,60,-5.75860636809891e-27,0
"3ni",22,-704.909718404299,60,3.28678413187792e-05,0
"4i",22,-258.977042559848,60,9.8490134165732e-32,0
"4ni",22,-700.722903099833,60,-0.000168829621018961,0
"9ni",22,-569.932516630896,60,7.27930162690521e-33,0
"2i",22,-918.73536122588,80,1.50160191270807e-18,0
"2ni",22,-913.468308156268,80,0.000886825882404756,0
"3i",22,-876.740320718464,80,-3.28392327410517e-19,0
"3ni",22,-929.449028521802,80,-3.66288495836069e-06,0
"4i",22,-924.937193181973,80,-3.31722731899505e-23,0
"4ni",22,-928.455619042617,80,-0.0013802243302357,0
"9ni",22,-416.26080555698,80,-8.93079650857383e-30,0
"2i",23,-385.360122912663,40,2.14400064457553e-30,0
"2ni",23,-385.503003290056,40,-2.10275570075545e-27,0
"3i",23,-385.860876873004,40,2.27949330167256e-41,0
"3ni",23,-398.171847008893,40,-1.5463328716429e-26,0
"4i",23,-376.20521088612,40,5.82666458660567e-50,0
"4ni",23,-392.664078278782,40,1.68278301385092e-20,0
"9ni",23,-345.99824464401,40,3.76767735668811e-67,0
"2i",23,-708.006239181677,60,0.00228744180422157,0
"2ni",23,-713.176945940257,60,-0.00275836584666399,0
"3i",23,-708.213513111198,60,2.07003695291059e-18,0
"3ni",23,-714.888944889385,60,-0.000158130403918627,0
"4i",23,-695.092502498436,60,9.00695508879988e-21,0
"4ni",23,-720.603354416667,60,-0.000977269947308826,0
"9ni",23,-644.805693677135,60,-9.62977492866755e-32,0
"2i",23,-1119.93286653304,80,-0.0014612158400895,0
"2ni",23,-1119.13004160416,80,-0.000952669303503018,0
"3i",23,-1129.374984451,80,0.00208101834391487,0
"3ni",23,-1143.4321912709,80,-0.000143352104727386,0
"4i",23,-1132.54329868493,80,-0.00518325943616378,0
"4ni",23,-1151.52644516107,80,-0.0104752375034116,0
"9ni",23,-1045.99633319888,80,-2.83852064787332e-21,0
"2i",24,16.2508430701582,40,0.211503967467423,0
"2ni",24,12.6335342596726,40,0.212948351619244,0
"3i",24,19.9908234820355,40,0.138611776817136,0
"3ni",24,20.7412447915358,40,0.201332498221889,0
"4i",24,32.4091628109342,40,0.102361292988223,0
"4ni",24,22.9714380738605,40,0.197135033905503,0
"9ni",24,75.0796959865278,40,0.148630378633182,0
"2i",24,-10.7187994856012,60,0.221733580027477,0
"2ni",24,-14.5722813149848,60,0.221484526121617,0
"3i",24,-4.75857465721987,60,0.207738401387389,0
"3ni",24,-16.0701006640856,60,0.169540896352032,0
"4i",24,22.3564894452578,60,0.341721574868171,0
"4ni",24,1.69536604280825,60,0.170000014320335,0
"9ni",24,97.4761350287756,60,0.26519846779238,0
"2i",24,-39.0461169876395,80,0.319453762787701,1
"2ni",24,-42.97419650024,80,0.319641079042536,1
"3i",24,-51.3901162333151,80,0.291229998442192,1
"3ni",24,-63.6632695708222,80,0.280881031644365,1
"4i",24,-41.0243007795945,80,0.311310401194012,1
"4ni",24,-78.4022841556895,80,0.251906845376723,1
"9ni",24,69.0291109589772,80,0.242579265642225,1
"2i",25,-1.6847175066749,40,-0.00139307793711649,0
"2ni",25,-8.33628808596936,40,2.60313569785734e-07,0
"3i",25,4.17822733514711,40,-5.40201145911295e-14,0
"3ni",25,40.7330830418395,40,-2.59144302224167e-09,0
"4i",25,-5.18542841384701,40,-2.34927703349807e-15,0
"4ni",25,-23.930385122651,40,0.000890570072245554,0
"9ni",25,57.3867713819066,40,0.000701120689191701,0
"2i",25,-85.3363569917137,60,9.31945616588078e-05,0
"2ni",25,-88.3865581347817,60,5.91701144958703e-05,0
"3i",25,-91.1634489785841,60,-2.28289585984065e-14,0
"3ni",25,-110.412378116675,60,-1.74444205472187e-08,0
"4i",25,-37.3235052287432,60,6.22848413749159e-14,0
"4ni",25,-109.939392096096,60,-9.31946715369204e-06,0
"9ni",25,18.7313628466131,60,0.00815999202846978,0
"2i",25,-218.584852600585,80,-0.000232309691731512,0
"2ni",25,-220.699917083809,80,-3.08474370132406e-05,0
"3i",25,-220.281072208627,80,1.48212182272109e-10,0
"3ni",25,-250.073484868904,80,-2.03570677076712e-06,0
"4i",25,-188.193987143423,80,1.56868567019626e-08,0
"4ni",25,-255.97011451219,80,1.62473796613335e-06,0
"9ni",25,-103.346729450745,80,-0.000686369077799745,0
"2i",26,-254.823847139485,40,0.0120703888369114,0
"2ni",26,-203.747865225844,40,0.00958073071665813,0
"3i",26,-60.9779265895248,40,0.0045302732278559,0
"3ni",26,-257.148876086399,40,0.00377888465032172,0
"4i",26,-35.8601421311574,40,0.00623221632075494,0
"4ni",26,-210.828935314808,40,-0.0329783245059385,0
"9ni",26,-167.470426204834,40,-0.423309992808816,0
"2i",26,-313.137068098403,60,0.0121017771754332,0
"2ni",26,-360.517283419687,60,0.0401740159374687,0
"3i",26,-51.1118362401426,60,0.0383287030601675,0
"3ni",26,-384.73211558124,60,-0.0580904732607684,0
"4i",26,-10.6608040077063,60,0.043865614872438,0
"4ni",26,-306.23750690821,60,0.0280024106619612,0
"9ni",26,-445.002628323993,60,0.054270327123262,0
"2i",26,-662.116374041069,80,0.0317718051749096,0
"2ni",26,-637.155920859976,80,-0.000245297518064482,0
"3i",26,-137.367362393567,80,0.0187760696652547,0
"3ni",26,-624.498964362366,80,0.0261119300805653,0
"4i",26,-94.310911460661,80,0.0134260065069428,0
"4ni",26,-720.222138373556,80,0.0123035240853004,0
"9ni",26,-554.628488363752,80,0.00240677683258794,0
"2i",27,-288.766740306431,40,-3.25706254313918e-30,0
"2ni",27,-326.220683864065,40,1.90898020352878e-38,0
"3i",27,-316.065702632202,40,1.97497354249429e-41,0
"3ni",27,-283.015739156033,40,8.83074564122534e-41,0
"4i",27,-104.546836814463,40,-1.56189244052902e-46,0
"4ni",27,-337.995809166363,40,1.63773416231215e-38,0
"9ni",27,-257.113262126962,40,-1.06063909262571e-58,0
"2i",27,-413.704094236729,60,1.84044401310471e-32,0
"2ni",27,-403.140367509966,60,-2.07862772993887e-26,0
"3i",27,-424.565802086497,60,-2.88896209895439e-36,0
"3ni",27,-418.759874641498,60,1.00703457257192e-32,0
"4i",27,-412.105964865345,60,-1.4805208097011e-40,0
"4ni",27,-412.28823456792,60,-1.2228186747545e-38,0
"9ni",27,-301.47422874576,60,3.52546515006069e-38,0
"2i",27,-578.138868772357,80,-1.34478017548528e-25,0
"2ni",27,-596.413575407807,80,-1.31436077551998e-18,0
"3i",27,-410.809532237162,80,-1.69206320919291e-37,0
"3ni",27,-601.482883967114,80,-3.62576133360921e-21,0
"4i",27,-612.014353073946,80,4.31991051025669e-35,0
"4ni",27,-601.291697353931,80,4.36320996695315e-25,0
"9ni",27,-497.627366557167,80,-2.77604615875449e-29,0
"2i",28,-342.403275379586,40,-0.00513495354262626,0
"2ni",28,-347.996341645778,40,0.00124801174443731,0
"3i",28,-196.913021086218,40,1.64094014782578e-11,0
"3ni",28,-362.591719646675,40,-0.000129580374778958,0
"4i",28,-147.348487790935,40,3.08058124393618e-11,0
"4ni",28,-357.748568775462,40,9.94069724156647e-05,0
"9ni",28,-236.151431349015,40,0.00640980773978035,0
"2i",28,-599.133787257234,60,-0.000946791619210095,0
"2ni",28,-602.968437502423,60,-0.000217825533187304,0
"3i",28,-432.662773594755,60,2.28800725221775e-06,0
"3ni",28,-630.503357060447,60,-2.62259197021951e-05,0
"4i",28,-372.057510893985,60,1.85534109271254e-06,0
"4ni",28,-623.314085831964,60,-0.000361290190347908,0
"9ni",28,-516.655278226358,60,0.000816087807180595,0
"2i",28,-785.310752469483,80,0.0008709172093451,0
"2ni",28,-785.342362479091,80,0.00075352276032942,0
"3i",28,-786.504818340817,80,0.008119483225742,0
"3ni",28,-819.955756927352,80,0.000295889331475712,0
"4i",28,-747.082693463425,80,5.11745715503304e-05,0
"4ni",28,-815.844074890832,80,5.10319144775222e-05,0
"9ni",28,-729.557564388312,80,0.000850737252893523,0
"2i",29,52.5211553719697,40,-0.00329813665717779,0
"2ni",29,68.2065159982572,40,-1.19629145044043e-19,0
"3i",29,71.3455886422705,40,7.8745920016057e-22,0
"3ni",29,74.2354850132211,40,0.0029078052326747,0
"4i",29,92.9603266496698,40,7.0824465165186e-27,0
"4ni",29,82.4143771370677,40,0.000383355762562642,0
"9ni",29,116.809551213905,40,-2.05108862621385e-50,0
"2i",29,-26.7016387011958,60,-0.000104133568899655,0
"2ni",29,-0.525546332874185,60,-3.35960796570935e-06,0
"3i",29,-16.2943840055976,60,6.76058341680362e-15,0
"3ni",29,-6.36284660020168,60,-0.000956487103949187,0
"4i",29,0.0755924417458402,60,-2.89106432919562e-18,0
"4ni",29,4.67151591093341,60,0.0017659679442384,0
"9ni",29,44.637401958609,60,-2.03577246645032e-21,0
"2i",29,-194.224250743274,80,0.00826833907410788,0
"2ni",29,-163.121967651386,80,-7.8160782509637e-05,0
"3i",29,-199.251937103542,80,-1.41834813406328e-11,0
"3ni",29,-185.423208822136,80,-0.000643057177552999,0
"4i",29,-195.631212702255,80,-1.23450924144045e-12,0
"4ni",29,-183.813777858462,80,0.0040134163326246,0
"9ni",29,-123.825085963958,80,-0.01384167691889,0
"2i",30,-119.81034011353,40,0.0330347320739561,0
"2ni",30,-123.718870148606,40,0.0353415532186321,0
"3i",30,-124.416603644235,40,0.0196401192313958,0
"3ni",30,-149.513192507085,40,0.0586598116060603,0
"4i",30,-123.989629243414,40,0.0497251988065119,0
"4ni",30,-135.790832462074,40,-0.0186407151529449,0
"9ni",30,-4.69749193484967,40,-0.0211129933684758,0
"2i",30,-241.227438000162,60,0.0161085707540523,0
"2ni",30,-245.225213474928,60,0.0164159276915314,0
"3i",30,-247.885780942946,60,0.0161668027280951,0
"3ni",30,-277.736567039799,60,0.00642765739260026,0
"4i",30,-223.019899447074,60,0.0355310632930641,0
"4ni",30,-262.500792771851,60,0.0293875196703264,0
"9ni",30,-79.6575327594464,60,0.0395539747166918,0
"2i",30,-237.772477187031,80,0.0362258219106706,0
"2ni",30,-240.401485830089,80,0.04783774246168,0
"3i",30,-243.226696701466,80,0.129451227701571,0
"3ni",30,-296.90820244701,80,0.0556674958480736,0
"4i",30,-294.389492376185,80,0.106967069990851,0
"4ni",30,-296.448597004076,80,0.161530551323211,0
"9ni",30,-91.0035349129184,80,0.28126800825184,0
