window,width,fold_id,rs_id,ssm,lr,xgb
0,15,0,10,0.4476302798537787,0.4054273427481793,0.47385692765754717
0,15,1,10,0.2634657541796957,0.27666200356077536,0.21878377324183956
0,15,2,10,0.20920582746561167,0.2142534998553868,0.2110155803637575
0,15,3,10,0.4993642017857134,0.4853811876877342,0.3647745587443922
0,15,4,10,0.3757296562845767,0.3836446712063746,0.33903241902817943
0,15,0,11,0.2560845567895265,0.3503119047527089,0.3106319109821518
0,15,1,11,0.34144012286731107,0.3222589778469798,0.23134825505944862
0,15,2,11,0.3998379867253634,0.413104456802184,0.3857713063742969
0,15,3,11,0.5044532869305369,0.47088261096286144,0.4182216946620689
0,15,4,11,0.39920655046101267,0.33912393260746165,0.28573496106894525
0,15,0,12,0.2864027038019137,0.35675631796325813,0.3363855847237683
0,15,1,12,0.3548270176219536,0.33263687769546535,0.3019587668032647
0,15,2,12,0.4458417833017375,0.36541416832914436,0.16042829792082086
0,15,3,12,0.3780554968282892,0.36205390304882995,0.36182684360720635
0,15,4,12,0.5231143713010828,0.47823304921438825,0.3956852668693746
0,15,0,13,0.28906742934327545,0.26838573398448823,0.2792945675916525
0,15,1,13,0.3375913818305761,0.3591754276173967,0.32788352850333946
0,15,2,13,0.5805741339412459,0.5769951867609568,0.40255502164010587
0,15,3,13,0.48984819406381214,0.3990032717556722,0.37013105977376765
0,15,4,13,0.2640596411484846,0.2796981712505047,0.22015729651276206
0,15,0,14,0.4305131624892469,0.3807276481144512,0.2898031878182049
0,15,1,14,0.3044077781236162,0.3354028936932303,0.28759890028991864
0,15,2,14,0.4508414469734873,0.4124517951817762,0.3052003577676635
0,15,3,14,0.36208315740446867,0.2818446216726848,0.2856437903713239
0,15,4,14,0.375035435137528,0.42619402785875243,0.2452907755580489
0,15,0,15,0.4380268951054877,0.4170265161644138,0.3469947265368278
0,15,1,15,0.3387128816799903,0.3169933891883663,0.2627879915831823
0,15,2,15,0.49284344940662966,0.4593542534186007,0.40017343325235444
0,15,3,15,0.4120192822929777,0.39426647982222546,0.363301497714459
0,15,4,15,0.1345130525072174,0.13007458736331934,0.11304533498386492
0,15,0,1,0.17014648319438702,0.17300167189944465,0.16445589952062378
0,15,1,1,0.49395818907020667,0.4759946634866838,0.33792923320927976
0,15,2,1,0.31135164643447627,0.37680322394163496,0.36289236576900447
0,15,3,1,0.404259288891719,0.2969497076945887,0.26552121449813115
0,15,4,1,0.4703219183031717,0.4366290454593367,0.39467590991917456
0,15,0,2,0.283527104178128,0.2585047979000945,0.24355009953844559
0,15,1,2,0.3387498576568231,0.3436460632207693,0.3416832415066211
0,15,2,2,0.4088093963958983,0.4082914494510408,0.36772108629541034
0,15,3,2,0.535032542190294,0.4931932209467853,0.3198576236822138
0,15,4,2,0.34239737714384866,0.322129300466234,0.22154835760971653
0,15,0,3,0.40937783171298053,0.34560823066946955,0.23933844035884297
0,15,1,3,0.420856325929124,0.40881341644945984,0.36546022594298455
0,15,2,3,0.3341300080112363,0.27843393027452107,0.2590885221372961
0,15,3,3,0.38928580636738835,0.42806788688584957,0.42037796266762834
0,15,4,3,0.4527036252623976,0.36757332048032815,0.2962847990717067
0,15,0,4,0.4019974109769646,0.3453341976927818,0.28323409141772393
0,15,1,4,0.4061329100392732,0.39874419125719435,0.35621340638875437
0,15,2,4,0.5175922665623003,0.4928529703511857,0.38253120482455555
0,15,3,4,0.292901325154605,0.2896275482599414,0.25169168227256467
0,15,4,4,0.25964567431786667,0.35157162834735955,0.22421107150303018
0,15,0,5,0.35522445803148156,0.3455903092337425,0.31289440161160637
0,15,1,5,0.45457699706948956,0.4287142403882192,0.4051870999420918
0,15,2,5,0.4192972210157794,0.3988574183442042,0.3948909674518009
0,15,3,5,0.3931176792423115,0.4122652849117799,0.33995764387919974
0,15,4,5,0.37355365289194054,0.3195891187401202,0.3373593813093922
0,15,0,6,0.5615808220376778,0.4997728171997891,0.28724412501991514
0,15,1,6,0.3186746059516286,0.3851932441100156,0.4188192639229172
0,15,2,6,0.24323851820640058,0.29534535302130127,0.28663517216080003
0,15,3,6,0.4713620507772014,0.38582772098970824,0.2592252128837959
0,15,4,6,0.25901650360450273,0.3189035442931051,0.2788016186699065
0,15,0,7,0.31795341359233026,0.28985881077723713,0.30335885635556864
0,15,1,7,0.35658930920948917,0.381002891670435,0.2423200963060327
0,15,2,7,0.44198176621394486,0.426689855044329,0.4479479894869494
0,15,3,7,0.35996118077086003,0.32728083679333686,0.25022459290215504
0,15,4,7,0.4714989976665564,0.41160085230955956,0.37772912618420024
0,15,0,8,0.30466914927941036,0.37455579627049335,0.3156627934786046
0,15,1,8,0.35937868834380376,0.395752354916601,0.27473736337565446
0,15,2,8,0.19836979839015384,0.21988297757314046,0.213754163031542
0,15,3,8,0.4734940996106261,0.39434355232758794,0.20771396405105205
0,15,4,8,0.49549452968044966,0.4148434175869683,0.3835936781433853
0,15,0,9,0.2603949259674232,0.2576107831513005,0.26968052045813157
0,15,1,9,0.5102543174851625,0.4524545993156562,0.4028802466514056
0,15,2,9,0.469674558621555,0.4046756979393857,0.3536623382219906
0,15,3,9,0.36828507717403564,0.44725494090295365,0.4370982217067019
0,15,4,9,0.30202656435319913,0.23578289981740047,0.17292109003228845
0,30,0,10,0.5256826308676844,0.44333907871965567,0.479875866775487
0,30,1,10,0.2760548379614087,0.2925849750983657,0.2311753700217138
0,30,2,10,0.1770203760013481,0.2288336841298292,0.22702828239454392
0,30,3,10,0.5168005422395998,0.498251390254834,0.4010808984158509
0,30,4,10,0.35636415380495867,0.36868002841334435,0.33314202129744513
0,30,0,11,0.2756192594070252,0.36387428347789574,0.3223075234116833
0,30,1,11,0.3236929026108831,0.32855861899791505,0.22252791597952495
0,30,2,11,0.4999044656202919,0.4629656646145428,0.41418888338323484
0,30,3,11,0.544047058402141,0.5069808899243311,0.4410738751643278
0,30,4,11,0.37621247509445427,0.33589722145856216,0.3125416257948727
0,30,0,12,0.31866257813846866,0.3880810471204141,0.35577628485949725
0,30,1,12,0.3540394340229901,0.305447196929458,0.2803628472769387
0,30,2,12,0.48381101494988366,0.45947321695684173,0.18461593343381008
0,30,3,12,0.35961656585691715,0.3704811557850791,0.3433906034629585
0,30,4,12,0.5320474764998807,0.5185259089473916,0.45454257819429106
0,30,0,13,0.264382552604523,0.2579465817499251,0.28537731356180884
0,30,1,13,0.3584396649052178,0.37863575243664604,0.3290144801247623
0,30,2,13,0.5714558351566552,0.610667776909396,0.5093975600330956
0,30,3,13,0.5416283605697888,0.3954363020000922,0.3308659561953116
0,30,4,13,0.3015326444333803,0.31588481729578854,0.24709271631914623
0,30,0,14,0.4307932040512748,0.3907732818930853,0.338596440248879
0,30,1,14,0.3056041994319062,0.353373477263,0.30113287641458275
0,30,2,14,0.5322077598944515,0.44108457715825455,0.3555262029551817
0,30,3,14,0.34159785610425375,0.28830863526757405,0.2968651663835592
0,30,4,14,0.33588389424136644,0.40143752297993396,0.24504914377769868
0,30,0,15,0.436518769890833,0.44947732695051545,0.40075564575234074
0,30,1,15,0.29641635405627303,0.3008304267857835,0.2660747243901398
0,30,2,15,0.513416668488219,0.4460887032650769,0.404414860408328
0,30,3,15,0.4714367834159993,0.43572214929539516,0.41622813635128253
0,30,4,15,0.13537819912660096,0.1082588774860204,0.09364430581154556
0,30,0,1,0.14847249293656972,0.1877654947956896,0.18526029235119787
0,30,1,1,0.5389851646923631,0.5070672080027319,0.33051371873506746
0,30,2,1,0.32955125095000154,0.3993560534627813,0.3702674720284866
0,30,3,1,0.32141165537209276,0.3009277453455923,0.2776173261978205
0,30,4,1,0.5255069621888925,0.4259403664792831,0.36907428453962304
0,30,0,2,0.2107392509965761,0.23175054074801346,0.20839435830096664
0,30,1,2,0.3338908013561713,0.35805879345893,0.34565758242872935
0,30,2,2,0.47619838885322635,0.41672464516975494,0.36768420098425575
0,30,3,2,0.5795249562686235,0.5152448850186435,0.3128591678470747
0,30,4,2,0.325029780816871,0.36065445677382807,0.26695409125718844
0,30,0,3,0.48977208881621287,0.4148147181710701,0.3036817486309068
0,30,1,3,0.459958275791081,0.4449505442405654,0.4413743518212404
0,30,2,3,0.3181104156999326,0.250501535631343,0.22818263275141717
0,30,3,3,0.34573984379722894,0.4146771914099279,0.40073578601038484
0,30,4,3,0.44770528337199994,0.39161314136045206,0.2941878475222058
0,30,0,4,0.4654387127574438,0.3715456832530193,0.28444689186105787
0,30,1,4,0.4410166388265112,0.41583322003873563,0.38409838173863464
0,30,2,4,0.4995134564387059,0.48787978347331123,0.41908495028512016
0,30,3,4,0.27565960129934586,0.3134534570316963,0.29892323694687084
0,30,4,4,0.28377774806018835,0.372702113834151,0.23027480672348827
0,30,0,5,0.27299470651848956,0.3105175504696877,0.27665509945866884
0,30,1,5,0.4740330349121482,0.46406069087669355,0.45123071754683014
0,30,2,5,0.4707467286423709,0.4170612011608404,0.39874379549927097
0,30,3,5,0.4591250434788871,0.46606954984645677,0.3177366279229509
0,30,4,5,0.40710864157863874,0.3449009872355301,0.35357829207237085
0,30,0,6,0.5721825410380358,0.5614163317236681,0.3197543785054642
0,30,1,6,0.2933534875476192,0.373946905347885,0.33784035120151734
0,30,2,6,0.2709491648204958,0.31401489066182786,0.30402043227877185
0,30,3,6,0.45231149042573093,0.393141970443,0.2772459304626726
0,30,4,6,0.2960910703758432,0.3581564672184241,0.31978586416896404
0,30,0,7,0.2893438202723215,0.27328248347021644,0.2844662724059559
0,30,1,7,0.3141878684060681,0.37335634839681886,0.26724277546486735
0,30,2,7,0.44823606070842065,0.4878322314870959,0.5086178262544652
0,30,3,7,0.40608438855307144,0.3339053905631787,0.2777361606160146
0,30,4,7,0.5022161775422735,0.42600863196580324,0.3578655830263374
0,30,0,8,0.29753479502270935,0.3940129684593553,0.3490722058635946
0,30,1,8,0.3123224667934776,0.3927020868317439,0.3065244911809562
0,30,2,8,0.27109944993311597,0.278900806872105,0.2399855857699452
0,30,3,8,0.5325957502346017,0.45025085813185844,0.2443555621854382
0,30,4,8,0.5187275456446975,0.4149359797166898,0.3853974032567589
0,30,0,9,0.20896702852762972,0.23242439193916917,0.2486475694029033
0,30,1,9,0.5414191773609554,0.5198204395528677,0.4918421480280126
0,30,2,9,0.4889011393801443,0.4227443070722685,0.34400257425889513
0,30,3,9,0.3565689465837723,0.43468575904414963,0.4067250938590775
0,30,4,9,0.29578507474517823,0.29614473196842106,0.19186943777928972
0,45,0,10,0.5967932426338746,0.4293256753680126,0.4367530362552587
0,45,1,10,0.2409511442231602,0.278667183509287,0.2226751155569361
0,45,2,10,0.16858746915131723,0.19770698752463114,0.18841467085772207
0,45,3,10,0.48167845063988846,0.5555776271097903,0.4513468520091746
0,45,4,10,0.27607160192729135,0.3799484468636221,0.33767446765429765
0,45,0,11,0.2788695909437526,0.35395119471144654,0.3326637073649861
0,45,1,11,0.3230894287610688,0.3752412180372501,0.27619282982454185
0,45,2,11,0.5057585488855161,0.49741019734211256,0.4620941027025346
0,45,3,11,0.543699176170441,0.5035402168773575,0.4411798755014753
0,45,4,11,0.3711578971558377,0.35474261402693597,0.332313493614216
0,45,0,12,0.3287349045067207,0.3975710815973681,0.3938888280435234
0,45,1,12,0.23705163969668402,0.28466425501769493,0.25770835288007865
0,45,2,12,0.5267015007351089,0.545812652296342,0.23996052385478567
0,45,3,12,0.3449396164852969,0.4077675681152502,0.3538910494016026
0,45,4,12,0.5093037213766318,0.5232549983747928,0.47576140097513603
0,45,0,13,0.25637115036730557,0.22894666270069727,0.24855138301178056
0,45,1,13,0.3268268739619589,0.39102947382895076,0.3239845146477201
0,45,2,13,0.5404273984978031,0.634449129554596,0.44370800033081315
0,45,3,13,0.5588169941467601,0.4268926461677969,0.3131476617491514
0,45,4,13,0.3397949869148138,0.35716365925756116,0.30461493336230344
0,45,0,14,0.38853176429331626,0.3855086639892221,0.31888422230565466
0,45,1,14,0.3425386437817102,0.40237553955201105,0.31678944157946637
0,45,2,14,0.5861457031987245,0.47754720866415734,0.37075487151029246
0,45,3,14,0.23672892486905317,0.23723713578468425,0.24684677644009337
0,45,4,14,0.3312722515070481,0.4089297925473916,0.29497798377462525
0,45,0,15,0.41232376918696184,0.45790943573183657,0.4212009411796007
0,45,1,15,0.2947203552786606,0.32227500981400703,0.2795276705796738
0,45,2,15,0.45768265021593785,0.46547440690098857,0.3834205607821813
0,45,3,15,0.5649908672576729,0.4729783311581044,0.4274299491804998
0,45,4,15,0.13708064035524925,0.08623098574452405,0.10031301689645865
0,45,0,1,0.14929980188100447,0.18348505070545634,0.17631120261733063
0,45,1,1,0.5170619210149167,0.5676662885645685,0.39010657627080025
0,45,2,1,0.31445002617018586,0.38093986803830293,0.3573474045970602
0,45,3,1,0.3007036500469171,0.3595824446150985,0.28636612505337444
0,45,4,1,0.533582636619526,0.38152657422054254,0.33330686781027197
0,45,0,2,0.22688152637113215,0.2950919678858666,0.23074732625393304
0,45,1,2,0.3108581546340981,0.36623682581948147,0.3245163811779222
0,45,2,2,0.5521162834953224,0.42943932143088026,0.4138310762097886
0,45,3,2,0.5149997285999823,0.5351005285853698,0.33584124242102004
0,45,4,2,0.33065898450325,0.40493263315642863,0.3043836758672822
0,45,0,3,0.551450057761538,0.42010351851799943,0.3151927791009108
0,45,1,3,0.4826271719621082,0.49737035293119625,0.4762689873080784
0,45,2,3,0.20549897119899288,0.21314110339189063,0.19725848972956445
0,45,3,3,0.35549632047510743,0.4254179400734434,0.389539641805588
0,45,4,3,0.41611813778095424,0.4293344678625858,0.30062478390204234
0,45,0,4,0.5415230966461209,0.3851572829388017,0.2720407934669485
0,45,1,4,0.4694681347934011,0.47689338484828553,0.45712633024001054
0,45,2,4,0.4111742389581456,0.499098330150304,0.42178647700244876
0,45,3,4,0.265027789774174,0.29689043137053955,0.2575410832651046
0,45,4,4,0.2918731179585783,0.3810515152713399,0.25100507848775633
0,45,0,5,0.2711069957306288,0.34421888901088904,0.29454251707762547
0,45,1,5,0.4443776041625498,0.46602181977046414,0.47501599497835467
0,45,2,5,0.5514675386711817,0.39359551303033885,0.3727378118378738
0,45,3,5,0.51349772901616,0.5657589796269848,0.42689683045859744
0,45,4,5,0.292980222058655,0.35524811056410593,0.34166135747979093
0,45,0,6,0.5861637331296892,0.5859581066419667,0.2899903031858795
0,45,1,6,0.31065185397796247,0.3626067047265117,0.37389850962600135
0,45,2,6,0.29616761059968705,0.36724510244290953,0.33764333343485947
0,45,3,6,0.2944308749482208,0.4270588654850138,0.2690690143458557
0,45,4,6,0.26668855432632754,0.3371772184840518,0.2911643293581288
0,45,0,7,0.16374927385546972,0.19235960647989608,0.17849548894832198
0,45,1,7,0.30351223304055275,0.4131679816312486,0.2537058176966375
0,45,2,7,0.41965978816939037,0.45344648593909853,0.4913900912959452
0,45,3,7,0.4409851105009979,0.3820385668754932,0.3557822813397577
0,45,4,7,0.5395630881155629,0.43964519559851106,0.3557761150943462
0,45,0,8,0.29508856960397534,0.3442417721848347,0.3113480882906141
0,45,1,8,0.32436740469549996,0.41859606532890087,0.3258087780787707
0,45,2,8,0.25195559636546233,0.34319290040709394,0.29907428152257826
0,45,3,8,0.535229048876692,0.5128613601259778,0.2951268682028184
0,45,4,8,0.5088046877056591,0.4277071695995961,0.4024667792514335
0,45,0,9,0.21477667582541038,0.20912337735059508,0.23478082058947455
0,45,1,9,0.5551172008452869,0.5405587019145586,0.4996105513448775
0,45,2,9,0.4487389827098564,0.4632906185100784,0.3714731155265486
0,45,3,9,0.3322064759119224,0.42406015406132164,0.37245633531632427
0,45,4,9,0.32602845374352574,0.37080169195174073,0.2371793253179908
0,60,0,10,0.6107717008167399,0.3793376591371817,0.3935821560182048
0,60,1,10,0.3138758745953134,0.29290241285964264,0.21903329604776686
0,60,2,10,0.1698834962480509,0.17629716084397806,0.16526853191728644
0,60,3,10,0.5806405718637846,0.614648071681708,0.5022268969866566
0,60,4,10,0.28363160510949165,0.38417303008969333,0.3729069499943235
0,60,0,11,0.3153765369974779,0.41687775128710475,0.38872094274677493
0,60,1,11,0.3590677246369981,0.3217070843286774,0.21829046986987208
0,60,2,11,0.5938994425907789,0.49892603312869765,0.5194484313619997
0,60,3,11,0.5714595727196005,0.5281182397045973,0.471329768155972
0,60,4,11,0.4687333475575579,0.41445361456195384,0.3669973917501993
0,60,0,12,0.36608284823020826,0.43387526744059096,0.39036107605133014
0,60,1,12,0.25170340466203656,0.2993319404485606,0.26292968108511516
0,60,2,12,0.5645424745182817,0.5677473554121539,0.2290340372875394
0,60,3,12,0.38229006019184786,0.4272788310822299,0.3744158183889476
0,60,4,12,0.5986295108364567,0.5613424012657666,0.5323874128275418
0,60,0,13,0.3427803449513217,0.23113843756417943,0.24661729758276846
0,60,1,13,0.3579798638652137,0.39198671749831815,0.3105115806347086
0,60,2,13,0.6800755481857902,0.6992835258253606,0.5220359409253686
0,60,3,13,0.6548394441187728,0.44908625485847536,0.31097931785519006
0,60,4,13,0.36672240146834467,0.379869892018697,0.36511422884381217
0,60,0,14,0.4536754210902997,0.4178371950753519,0.37483233264705407
0,60,1,14,0.3727056542892259,0.4339144009754313,0.35412580989890124
0,60,2,14,0.6564415746045382,0.5262201433232488,0.41495929976421525
0,60,3,14,0.23600522354179976,0.23008984301081045,0.25856127303379794
0,60,4,14,0.4560466689600469,0.4331191933749631,0.2989632908720899
0,60,0,15,0.482154225847967,0.5246245662971141,0.44918691854400206
0,60,1,15,0.34680595561353383,0.3163461960236773,0.29001417926181705
0,60,2,15,0.6091517249294072,0.49871489149972403,0.42265538755366233
0,60,3,15,0.5371938741913362,0.4014343457969101,0.36024598435236954
0,60,4,15,0.09598756904169461,0.08679189839234107,0.1070131655973926
0,60,0,1,0.13514158826049133,0.1891708587599607,0.18083410681298318
0,60,1,1,0.6017461289108694,0.5512038756895712,0.40120998492539445
0,60,2,1,0.32888485356521274,0.32733626388344667,0.3199364438300494
0,60,3,1,0.4116353747560651,0.4548041663475936,0.3315778541704056
0,60,4,1,0.5411816543318715,0.4179192425758499,0.3266173591477899
0,60,0,2,0.3634611317942591,0.32206414665119254,0.21330373657056126
0,60,1,2,0.3423410437061018,0.3776372038558112,0.3218794571205479
0,60,2,2,0.5578118867854248,0.47814294932869,0.44979250681617
0,60,3,2,0.5964750451590167,0.5328837807504302,0.3268100591968267
0,60,4,2,0.41490795596509317,0.3895692231426097,0.3121504841152697
0,60,0,3,0.5737436031341144,0.42132830280918254,0.23671539410008965
0,60,1,3,0.6039408967567542,0.5638652063034411,0.5765548007911603
0,60,2,3,0.2284975282274554,0.23984231093006417,0.2191669401735924
0,60,3,3,0.420873785578907,0.4005509746673415,0.3528259688954573
0,60,4,3,0.5135283449605068,0.43349593634335487,0.3243502997362721
0,60,0,4,0.5211888703236944,0.3769690049717781,0.25322095114155563
0,60,1,4,0.575913200404525,0.4849624433260737,0.49251379573169296
0,60,2,4,0.48623518285059564,0.5035139427309536,0.45177713827107074
0,60,3,4,0.303890942858559,0.34844025314334004,0.32779640705381596
0,60,4,4,0.3230081119368882,0.4325809755191186,0.27559939275438766
0,60,0,5,0.406732204834017,0.3532800678157959,0.25469018451201825
0,60,1,5,0.5527031477547932,0.5546980895078927,0.5312735512616432
0,60,2,5,0.5418500315708381,0.3661054347815099,0.3443698661657827
0,60,3,5,0.5635848517223537,0.5792361840593919,0.4275650969458978
0,60,4,5,0.32301788220683764,0.3707125558327316,0.3681772822503105
0,60,0,6,0.6969168494303296,0.6181703742319805,0.3538959725072972
0,60,1,6,0.3092662706998631,0.32292201137887605,0.31728117737487765
0,60,2,6,0.29105603821536064,0.3348453216286931,0.35039508778724154
0,60,3,6,0.3748621590212307,0.48780204656472087,0.2903211839899255
0,60,4,6,0.3152202372164263,0.36733723754915165,0.3023827053372955
0,60,0,7,0.15655843482799356,0.12133632793970067,0.10927364669520123
0,60,1,7,0.4183415611354233,0.5206968903444139,0.23465798828606735
0,60,2,7,0.5090368756750013,0.4671494527190047,0.5286223700386503
0,60,3,7,0.545497264926112,0.44467531051190323,0.4238453443084456
0,60,4,7,0.5559484179654298,0.4317425328757898,0.32397978434308417
0,60,0,8,0.31501247717386055,0.3067334156785955,0.26846009470695537
0,60,1,8,0.46906323903909797,0.43550213161219,0.31695477606607814
0,60,2,8,0.2863496541973613,0.3655574894582431,0.3172967579634105
0,60,3,8,0.6228612410220479,0.5683566400719258,0.3707448867500415
0,60,4,8,0.5669324698159458,0.44496069646976427,0.4036375458931278
0,60,0,9,0.27129728138274023,0.254360466686254,0.286758836601348
0,60,1,9,0.640543193565956,0.5468823527726087,0.5395527099224791
0,60,2,9,0.5702260359921175,0.4959016608230249,0.42339019642833736
0,60,3,9,0.3946876821721609,0.4130392716600206,0.33616992745886803
0,60,4,9,0.3235478078970186,0.40729955955011216,0.26334502134659926
0,75,0,10,0.5870281623000712,0.4475594856272123,0.46653931745218974
0,75,1,10,0.2349732236247173,0.34462825754222975,0.2750225302210942
0,75,2,10,0.28187477726951415,0.3245048478930107,0.37288105910940395
0,75,3,10,0.5715066496445439,0.5691943279040246,0.5092270910650257
0,75,4,10,0.3392750847319213,0.4246200966253813,0.38084997236724183
0,75,0,11,0.41492179773264704,0.489647481271623,0.47172215369689047
0,75,1,11,0.3573843573862852,0.34417647048774286,0.21743704319184676
0,75,2,11,0.6101531710882352,0.5458735230476714,0.4942881525182768
0,75,3,11,0.5154033280059186,0.4204447092103236,0.38705792194949695
0,75,4,11,0.5127333290696359,0.5231752473377023,0.4282783431053425
0,75,0,12,0.41631708279710955,0.444514599807322,0.4024863266724371
0,75,1,12,0.3465302289060855,0.3556720756701419,0.3198750302863663
0,75,2,12,0.4772981056828894,0.449693514450947,0.20313443650886887
0,75,3,12,0.5285466164514347,0.4901616799457038,0.37692578295549356
0,75,4,12,0.5618367708180108,0.6020140166220739,0.6240244372134
0,75,0,13,0.2575371156462899,0.28471675885455117,0.26273046841457437
0,75,1,13,0.3959637775208089,0.45214387482233326,0.36049813686821924
0,75,2,13,0.6730726310167507,0.7044748157319022,0.46495112378506037
0,75,3,13,0.6198987664841937,0.46058244284432587,0.2580486696506315
0,75,4,13,0.36071156160977735,0.40441550919367125,0.3959675259008891
0,75,0,14,0.4159795885556453,0.4587291731725047,0.352681836916785
0,75,1,14,0.45974362599358315,0.37841460862729415,0.2921760982321251
0,75,2,14,0.6018726168240056,0.5320621517027034,0.39303241497949404
0,75,3,14,0.2917671561833326,0.2378595368330056,0.24914403633733703
0,75,4,14,0.5936507394182291,0.6166427228347174,0.43150129465917864
0,75,0,15,0.45687954587292323,0.5052801302964252,0.4500975550696141
0,75,1,15,0.3522876501904703,0.3912492318737718,0.36805510588042845
0,75,2,15,0.6091675984581431,0.5501094780874063,0.45283505118720024
0,75,3,15,0.6013269226980354,0.4117221372066415,0.37130853295630223
0,75,4,15,0.08036123970115328,0.1525770706411893,0.14649133904963896
0,75,0,1,0.21676521811327812,0.2986539436979732,0.16493342493642482
0,75,1,1,0.5575126653031471,0.5379252814047522,0.4550540050629586
0,75,2,1,0.40217075286919857,0.4314777776896418,0.43565438043574145
0,75,3,1,0.5046250847748097,0.4583736786833836,0.3869748179701163
0,75,4,1,0.5043950345694537,0.37800321902079387,0.3741422547810049
0,75,0,2,0.4658464190519157,0.48692931576224446,0.3115200127433127
0,75,1,2,0.41209129859913446,0.3864531163208159,0.3444033045010575
0,75,2,2,0.5377772501642774,0.4791140352964167,0.40793275633831827
0,75,3,2,0.5631244375472209,0.5490079395135962,0.3956301563510787
0,75,4,2,0.4395139093335715,0.41500819965166186,0.3277307383172662
0,75,0,3,0.5090718682193475,0.3534369671085168,0.2615380280846393
0,75,1,3,0.6150887086417751,0.47482907971827576,0.5517514347642469
0,75,2,3,0.3151176408328689,0.31358242300346945,0.24867145100240132
0,75,3,3,0.5569039933436305,0.5887749857526582,0.4973221243192585
0,75,4,3,0.4474479928926797,0.4536521542077911,0.34768680916479555
0,75,0,4,0.4909008551552037,0.4298035006181139,0.29810867450441414
0,75,1,4,0.5716826976139102,0.5071569277224778,0.46378234258834766
0,75,2,4,0.5509796981441377,0.5758589250469494,0.5041699567070117
0,75,3,4,0.3319065832884067,0.3262590796279484,0.3057937746321895
0,75,4,4,0.3763767714281478,0.440493453158678,0.30535213927741367
0,75,0,5,0.5258485705820026,0.46756838339098583,0.28353398372431615
0,75,1,5,0.5065349538449971,0.5631101987849322,0.5684171176168681
0,75,2,5,0.5255745794181528,0.41608731481382977,0.4087036206383508
0,75,3,5,0.5660443406340594,0.6115657976805623,0.32996268379988336
0,75,4,5,0.3725415446444479,0.39017894064881964,0.39491380176128765
0,75,0,6,0.6194373203253525,0.5450276537403613,0.3012301333676717
0,75,1,6,0.393966458556511,0.5203541770493355,0.4975173182327367
0,75,2,6,0.40959598752774234,0.4127456503931911,0.45950343628116314
0,75,3,6,0.5169499471028914,0.5008978588004749,0.32710705830621994
0,75,4,6,0.34461837541519313,0.30696679994178294,0.24887877793281396
0,75,0,7,0.3116051868074213,0.17241626482150446,0.1392002043587408
0,75,1,7,0.5540141432431709,0.6060306355882095,0.37403788910888297
0,75,2,7,0.43870448663388795,0.43350064892752105,0.4838246279037423
0,75,3,7,0.48749229748367073,0.433504298838779,0.3931302692629044
0,75,4,7,0.5678251698156653,0.4800501971292371,0.4017313941915019
0,75,0,8,0.37445773442499963,0.4712831420297483,0.34842567183392403
0,75,1,8,0.5023585347811304,0.5485422137538101,0.38367591222203173
0,75,2,8,0.3573879398860118,0.3339147308060061,0.316840892305824
0,75,3,8,0.6051459582203244,0.4158338645362454,0.3012048949407716
0,75,4,8,0.5109072767527009,0.466452311189002,0.45457377085951167
0,75,0,9,0.2445434275801793,0.29463448425092714,0.3096723835175705
0,75,1,9,0.6012197285413524,0.4798753658003826,0.4817878663455403
0,75,2,9,0.5564177208974256,0.5442022223597934,0.4904179162981508
0,75,3,9,0.5209736317703119,0.5381464940092116,0.479992974084191
0,75,4,9,0.33258024185346174,0.2818326575778794,0.2073407262170866
3,15,0,10,0.6897712800697685,0.6178748515454463,0.6807392812904683
3,15,1,10,0.5026231299286907,0.5318592335245125,0.515434535932719
3,15,2,10,0.4902117875921893,0.5318872174526713,0.5345037508187928
3,15,3,10,0.7367260489385026,0.7004429988216472,0.7243251128064799
3,15,4,10,0.6545992487988977,0.702252912550355,0.6643854486561352
3,15,0,11,0.6383798282346106,0.6406043389540784,0.6049750908255512
3,15,1,11,0.6123726624585042,0.4812588154449,0.5387264745701393
3,15,2,11,0.6197185978443449,0.6736550322613292,0.6362196518726785
3,15,3,11,0.7046666091981807,0.7240215710652722,0.7234888159707478
3,15,4,11,0.6388036603941022,0.6373728660996404,0.5977642706920137
3,15,0,12,0.6396689414553712,0.6018762504231447,0.6591333681591492
3,15,1,12,0.6135055361275091,0.657207837677467,0.6056019458358853
3,15,2,12,0.5806682641950828,0.47833508797702196,0.46827273404334696
3,15,3,12,0.6281033505201806,0.6534197016923398,0.6101216397581413
3,15,4,12,0.7260674357563118,0.7278556736870483,0.7239979261155434
3,15,0,13,0.5463913328888771,0.4603719332133666,0.45589036097278474
3,15,1,13,0.67414598032544,0.7026752140016974,0.6618362614430687
3,15,2,13,0.7215811652259602,0.7330055808183974,0.7186513003642463
3,15,3,13,0.6539339897794084,0.6596163301037486,0.6416826612611778
3,15,4,13,0.5990013811752127,0.5709515670300134,0.5638701451405599
3,15,0,14,0.7569704993077531,0.7037821729909239,0.6743863910167014
3,15,1,14,0.5284499342956462,0.48481439594146053,0.5603537516462576
3,15,2,14,0.7374308331240967,0.6952380131114997,0.6820692082472622
3,15,3,14,0.4993433191950627,0.49710929622759953,0.49556492779700434
3,15,4,14,0.5750886608550163,0.636605236011108,0.6373132980009271
3,15,0,15,0.7303176692271486,0.7206482077079621,0.7164297279590163
3,15,1,15,0.6736530933003448,0.6729493881501721,0.6602524253023397
3,15,2,15,0.6908770205010633,0.7097221469309267,0.6967761815436324
3,15,3,15,0.6263622812098055,0.6077466743951101,0.6265801892676102
3,15,4,15,0.31619733057977206,0.2879726846466325,0.30627840863053807
3,15,0,1,0.4128034962132199,0.4665048922364686,0.4483026526864219
3,15,1,1,0.6895617091990225,0.6955186146251842,0.6821420931223506
3,15,2,1,0.6829858805083072,0.7212243165696148,0.7087950843208431
3,15,3,1,0.6417823042745261,0.5697714553388955,0.5570995076032831
3,15,4,1,0.6952138119275502,0.6398278110992847,0.7138475119633767
3,15,0,2,0.48417638385235606,0.5076396811831134,0.5509364107221741
3,15,1,2,0.6078487772472213,0.613736479864891,0.561014198846844
3,15,2,2,0.7042391183456256,0.6738033890300041,0.6807398804656993
3,15,3,2,0.719810775330853,0.7277908749767844,0.7317633066912403
3,15,4,2,0.6512568213524047,0.5253711176246946,0.6403599712996195
3,15,0,3,0.6259753756016371,0.5468913695143559,0.5180025004053703
3,15,1,3,0.6440729414529667,0.6719410406868557,0.6861777399364491
3,15,2,3,0.5639905074921122,0.5197394903894949,0.5388243698347975
3,15,3,3,0.6601533259915323,0.6917305219029951,0.691888305031771
3,15,4,3,0.7125040572130928,0.6065200862250321,0.6261372083939917
3,15,0,4,0.6813983302576406,0.608459478329024,0.5829202777192173
3,15,1,4,0.6894932955913173,0.7106953460913394,0.7216542108472043
3,15,2,4,0.7006639785989237,0.7509997936114157,0.7158859480809453
3,15,3,4,0.5411246554214355,0.559658021051862,0.5175694139644276
3,15,4,4,0.5668929462191683,0.4897670025925468,0.5975153937816611
3,15,0,5,0.653391929952122,0.6156591334452887,0.5924593098671113
3,15,1,5,0.7584589064751733,0.6264156642772601,0.7130613253031982
3,15,2,5,0.6487610806301618,0.66485570649307,0.6609674015576175
3,15,3,5,0.4845744836296049,0.4757236468500483,0.5157428978185935
3,15,4,5,0.6238339674463819,0.6133971928966069,0.6239636136028573
3,15,0,6,0.7910634754365011,0.7392434618758698,0.7290320544050841
3,15,1,6,0.6445404153240195,0.6055917578290213,0.6379347190718921
3,15,2,6,0.5111911881490673,0.5497504603800898,0.574224454695238
3,15,3,6,0.6234143806299828,0.6400625997506029,0.6207385549940415
3,15,4,6,0.5702344107804921,0.6155648790224498,0.6148250028540926
3,15,0,7,0.527099808306343,0.5570086009136578,0.5466558293794427
3,15,1,7,0.5399616591745566,0.5343954755402471,0.5259043762305929
3,15,2,7,0.7116016021414936,0.7019987274887908,0.7064969592323425
3,15,3,7,0.606555172885937,0.6254754405776584,0.5947749635159046
3,15,4,7,0.759818942753924,0.6604748525988896,0.7163495959866975
3,15,0,8,0.6131908642762266,0.6813783927324719,0.6543641837464297
3,15,1,8,0.6160159920370292,0.6354863785237388,0.620568468999642
3,15,2,8,0.5098911096030319,0.5219778076873315,0.5372076533263389
3,15,3,8,0.5612303910600573,0.5366600230168974,0.5505817429747398
3,15,4,8,0.7508385851878686,0.7086997376596472,0.6904836103832535
3,15,0,9,0.5817371244826257,0.5699882699966312,0.5803155668280191
3,15,1,9,0.731360345482478,0.6834260572432014,0.6477075995847776
3,15,2,9,0.6767066553641807,0.6907123305812682,0.6805113041612297
3,15,3,9,0.680614770179496,0.7164341180682292,0.7181136364728546
3,15,4,9,0.43489039435101584,0.37980365045223824,0.34132370485366553
3,30,0,10,0.7654955297824774,0.65846781379572,0.6917292867471597
3,30,1,10,0.5400636134681963,0.5395780832719922,0.510756182695758
3,30,2,10,0.5398839872752121,0.5330325890296286,0.5603600579792039
3,30,3,10,0.7922438672919436,0.7167599682131401,0.7405219832563951
3,30,4,10,0.6235481424892012,0.6784889488812047,0.6581569409184188
3,30,0,11,0.632086344419293,0.5995869644905626,0.5437450595659932
3,30,1,11,0.6444959851502554,0.5027834234241394,0.5608094637421293
3,30,2,11,0.7142877069932762,0.7081292640508285,0.697553563425125
3,30,3,11,0.7601372604852877,0.7515224620849416,0.7518720275342425
3,30,4,11,0.672928159804017,0.6458979132047945,0.6075749928931196
3,30,0,12,0.6745940144391,0.5997966022543981,0.6497110275894725
3,30,1,12,0.6388867430826394,0.6324489008618985,0.5821546469045966
3,30,2,12,0.6307385264805593,0.5602439262787308,0.5433321709524691
3,30,3,12,0.6646752249309137,0.6530002776546309,0.6234317153760089
3,30,4,12,0.7722996348874003,0.736725372191723,0.7521183338627059
3,30,0,13,0.5686838580944218,0.4719193351880985,0.47011532905854286
3,30,1,13,0.7593347902525653,0.719737155809214,0.6793577258317183
3,30,2,13,0.7405151746087989,0.717571190471088,0.7285553794928927
3,30,3,13,0.7080679086223207,0.6427145963568541,0.6082118869300035
3,30,4,13,0.6239785822253884,0.5981703231108824,0.578042555475863
3,30,0,14,0.7794909432274972,0.7047968043064583,0.6773863825235471
3,30,1,14,0.5720262243648303,0.48250745586379423,0.5455105825336776
3,30,2,14,0.8015718977811366,0.7319755601930963,0.7269458111811303
3,30,3,14,0.5184125655353947,0.4967453398047949,0.4845265112784902
3,30,4,14,0.6035538142121764,0.6318568357201301,0.6289512019222778
3,30,0,15,0.7603463618089976,0.7417340249568974,0.740346640838916
3,30,1,15,0.6968177037244707,0.6712750988372435,0.6685153123563572
3,30,2,15,0.7050252296946595,0.6949929465623881,0.6877525846026892
3,30,3,15,0.7163942141425681,0.6517598027077455,0.676990195608861
3,30,4,15,0.33097791675211935,0.24049065573370948,0.25221704071193296
3,30,0,1,0.4027160379064115,0.4647934281514042,0.45504608203693037
3,30,1,1,0.7599706657919655,0.730772646062976,0.7019133853829679
3,30,2,1,0.7265757833187018,0.7079144522178912,0.7071644770086681
3,30,3,1,0.6304739074419496,0.5800706609963785,0.56747755447935
3,30,4,1,0.763538939383561,0.6233794519717231,0.7059273327729637
3,30,0,2,0.49352159524091,0.4900265327786746,0.5426446569976348
3,30,1,2,0.6400534995712145,0.6277572435627449,0.5810358096967024
3,30,2,2,0.7638164113422458,0.6856166673516038,0.675145471434562
3,30,3,2,0.7644123050609388,0.7540217311051943,0.7453142030261345
3,30,4,2,0.6757941170034213,0.5400855757490813,0.6674467844385241
3,30,0,3,0.7127704107872187,0.6250604925442801,0.5898782910485095
3,30,1,3,0.6962014335311494,0.6809106685204859,0.7068743937920701
3,30,2,3,0.5473879353471238,0.4557879440251819,0.5080626064237719
3,30,3,3,0.6791230606544502,0.6877687031173866,0.6818370035982848
3,30,4,3,0.7750064254109702,0.6235123649136594,0.635940334057424
3,30,0,4,0.7414206271709112,0.6482666050297727,0.6236574497691784
3,30,1,4,0.7048067217422743,0.6883246303236502,0.7129235144166565
3,30,2,4,0.7532912923865506,0.7525071847281011,0.7534406558504684
3,30,3,4,0.5608872894301555,0.5571739319508358,0.5314241852471133
3,30,4,4,0.6284567066953245,0.5131641548724983,0.6388014934753984
3,30,0,5,0.5646729191521412,0.5474430813059521,0.5361903427334147
3,30,1,5,0.8293040429401956,0.6462322324247123,0.7621513725361128
3,30,2,5,0.7320214526036034,0.6924258314366584,0.6814778133243603
3,30,3,5,0.5546764579965128,0.5283450456298024,0.5733516250223742
3,30,4,5,0.7055810497067087,0.6331934869122564,0.6514964036877439
3,30,0,6,0.7976309111062537,0.7474118196239959,0.739112326021671
3,30,1,6,0.6287352789470112,0.5926584426559576,0.641379024698156
3,30,2,6,0.6007989422893529,0.5815702570000267,0.5974927124197704
3,30,3,6,0.6715159423436627,0.631128403623851,0.6161543092308965
3,30,4,6,0.636488446040942,0.6530285103948366,0.6510864692670939
3,30,0,7,0.5314073944890635,0.5325347976303578,0.5099907840093638
3,30,1,7,0.5714950665226852,0.5515609767473946,0.5256499688603069
3,30,2,7,0.7613604235626881,0.7400599112063081,0.7516432699670841
3,30,3,7,0.6329737173637714,0.6118702621145515,0.6046460889728402
3,30,4,7,0.809639973539375,0.6743824464598116,0.7368788574938097
3,30,0,8,0.610191078210846,0.6665188248162273,0.6632283533053546
3,30,1,8,0.6332083272989255,0.6502004936610242,0.636877741065377
3,30,2,8,0.6031015055469023,0.5749102914718272,0.5677645263062419
3,30,3,8,0.6856345887068858,0.5820310236824001,0.6171828661239039
3,30,4,8,0.7827695578790539,0.7024747425817567,0.6788249634649597
3,30,0,9,0.5489710910257227,0.503294483840262,0.5184967850139643
3,30,1,9,0.8032748296956169,0.755523239030538,0.7058168006821263
3,30,2,9,0.6989043041813544,0.6835157168982886,0.6854910417780301
3,30,3,9,0.7383898377936959,0.724254240920651,0.7412226704177953
3,30,4,9,0.4796547949341187,0.4153058245024059,0.39462423907953026
3,45,0,10,0.7670691187186361,0.646803515325646,0.6736989019979776
3,45,1,10,0.5169156249500668,0.5211104195783739,0.5189363309686585
3,45,2,10,0.6105956662305879,0.526204000942024,0.5381311368969137
3,45,3,10,0.7926703142541459,0.7584076013737201,0.7821523716634523
3,45,4,10,0.5878704346094343,0.6925404473715285,0.6465343181825396
3,45,0,11,0.6619575093763704,0.6092311072634305,0.5543153628510691
3,45,1,11,0.6308957244500899,0.54327826581365,0.6064331657729612
3,45,2,11,0.7142161254438028,0.7337017479045795,0.7344598111507438
3,45,3,11,0.7665209799074036,0.7598097562259576,0.7331184762730705
3,45,4,11,0.6771455782238267,0.6581313676345956,0.644379164943254
3,45,0,12,0.6674196472391706,0.5875881984543049,0.6331260764747413
3,45,1,12,0.5704084693227303,0.6008263747580189,0.5348069482413368
3,45,2,12,0.6160107860649828,0.6010662222952831,0.6267955705433457
3,45,3,12,0.6720621439728369,0.6901204792801193,0.6517474502011859
3,45,4,12,0.7996768436040002,0.7600210711833736,0.7834032997671636
3,45,0,13,0.5226848754268347,0.4235365613941814,0.4296302182000503
3,45,1,13,0.7533515601794136,0.7266769081751683,0.6850450522149734
3,45,2,13,0.7684066760862218,0.7758751274786635,0.7821997954281478
3,45,3,13,0.7177447760985226,0.6578230814176251,0.600034282614308
3,45,4,13,0.6216011975133942,0.6322337676720489,0.6020896362665774
3,45,0,14,0.7805923489252181,0.7271705638562483,0.692409155650029
3,45,1,14,0.5818026935346886,0.5103088741207032,0.5571009004265812
3,45,2,14,0.8185598778679039,0.7532388053021298,0.7675983401508355
3,45,3,14,0.5000376528049865,0.45604380699438685,0.4217852519672298
3,45,4,14,0.6142043654979461,0.674800980652355,0.67671349082074
3,45,0,15,0.7623862202191017,0.7473981928569602,0.7193481928112978
3,45,1,15,0.6890262077180986,0.6970887589899525,0.6986893663655804
3,45,2,15,0.6718934751628522,0.7250099128608486,0.7175495250583408
3,45,3,15,0.7704355881901099,0.6964817023271465,0.720961632134473
3,45,4,15,0.3626084512800106,0.2371738954360747,0.25962766836089757
3,45,0,1,0.45554464483370216,0.4516808138554909,0.44332803255466924
3,45,1,1,0.7948631009453937,0.7798832477171832,0.7563415227333049
3,45,2,1,0.7053870161363417,0.7171671785063857,0.6887324944404373
3,45,3,1,0.6188424729070986,0.6120989694881688,0.5813543527164003
3,45,4,1,0.7563643650556716,0.5925507970433155,0.6920401887775641
3,45,0,2,0.4740171465224006,0.4742025951126461,0.5262779278804834
3,45,1,2,0.6599085747913946,0.6626695622647639,0.6212465858876446
3,45,2,2,0.804433606219578,0.6910331910889593,0.6962097488261043
3,45,3,2,0.7785094002345757,0.7778251419200298,0.7648747396903365
3,45,4,2,0.6776247564645757,0.5589925771516954,0.6751776059013156
3,45,0,3,0.7108316047242355,0.6198539266502364,0.6094668658011042
3,45,1,3,0.7173594579282607,0.7241152148581835,0.7398721734166487
3,45,2,3,0.5017226663076825,0.42383626458133533,0.4809420031259364
3,45,3,3,0.7104297510924757,0.6949729681707959,0.6785094573813745
3,45,4,3,0.7879227083800016,0.6781550305859212,0.6635306009875791
3,45,0,4,0.7626392126186572,0.6557203797958466,0.6346447666820253
3,45,1,4,0.7112609650173887,0.7149442734593817,0.7353152465811117
3,45,2,4,0.7501357816634897,0.7941811644754941,0.7793728397945145
3,45,3,4,0.5645460754480774,0.5266944146195969,0.49400452486943336
3,45,4,4,0.6549442266719018,0.5264463687171456,0.6822190204840307
3,45,0,5,0.5696566226275004,0.5783792950726528,0.5492600036654844
3,45,1,5,0.8075675280356281,0.643297433134675,0.753949416436348
3,45,2,5,0.7968901611741208,0.7114424615807026,0.6833127921511287
3,45,3,5,0.6029363713192343,0.6167657158678143,0.6316040962271406
3,45,4,5,0.6496426016348411,0.6339285401782003,0.6280246406925836
3,45,0,6,0.838347467765572,0.7668173045390894,0.7550804110159246
3,45,1,6,0.6412480553984893,0.6047769573373704,0.6677479069257769
3,45,2,6,0.6723874515971547,0.6536941264786319,0.6667395328183973
3,45,3,6,0.6120641513742827,0.6517712018262243,0.6144029033986045
3,45,4,6,0.5429712400419504,0.6048550987616951,0.581205944990727
3,45,0,7,0.4466898033820338,0.4578238455410003,0.4292060483651388
3,45,1,7,0.5580457421509287,0.5741196580130877,0.5435622696065396
3,45,2,7,0.7678009438403387,0.7459512732835295,0.7264145846319772
3,45,3,7,0.6519464812522178,0.665732995375932,0.6777563116669981
3,45,4,7,0.8250377875020344,0.6811696586610078,0.7373167657915738
3,45,0,8,0.5714179724405971,0.6067141755061942,0.5834931423363275
3,45,1,8,0.6370778866719731,0.6670505503901429,0.6478341892287705
3,45,2,8,0.5831863437716764,0.6345448693376587,0.6016167362692334
3,45,3,8,0.7637302160703489,0.6592676561815515,0.690977768604418
3,45,4,8,0.7984756937745348,0.7226211922675303,0.7119143299752676
3,45,0,9,0.5392658869540081,0.48656275857479503,0.5366115944601362
3,45,1,9,0.811479423434845,0.7785012853421397,0.7276425326442446
3,45,2,9,0.7163633119217685,0.7132011617634577,0.7170779287688409
3,45,3,9,0.6868191487172954,0.7193286984687973,0.7310600865278919
3,45,4,9,0.5619904079280376,0.47124674016735335,0.4767227797408594
3,60,0,10,0.8073651639772201,0.6337508316577635,0.6697239763285965
3,60,1,10,0.6022299780591885,0.5672096360482104,0.5754191963156667
3,60,2,10,0.543801633521415,0.4424330622870169,0.46381027287431237
3,60,3,10,0.8337039769415694,0.811310217974713,0.8088572610186748
3,60,4,10,0.5909832128348236,0.7291208613744933,0.7160961451457716
3,60,0,11,0.5964258216196271,0.5808658970089768,0.4789952466651841
3,60,1,11,0.5865445343881011,0.4957916995294294,0.5302880277995453
3,60,2,11,0.7895363122101815,0.7569005151969508,0.793283294131439
3,60,3,11,0.8446525332735649,0.8201752138375719,0.8055313003510993
3,60,4,11,0.7154465810871663,0.7103189967371908,0.6598292752697621
3,60,0,12,0.6569127196515995,0.6198453557476457,0.6375921442599746
3,60,1,12,0.6225383011440996,0.6411315053756063,0.5660705496637616
3,60,2,12,0.5938386226620134,0.5923131987858186,0.6257381691786787
3,60,3,12,0.7301481353675846,0.7371464640683413,0.7125124713147996
3,60,4,12,0.7994967722471112,0.7804934079206155,0.752742131933888
3,60,0,13,0.5590844142527714,0.42240264636844754,0.4718480981548995
3,60,1,13,0.74567991175526,0.7061039207949742,0.6736099908637916
3,60,2,13,0.8686663395308045,0.8525885732293421,0.8149262531216711
3,60,3,13,0.8521013613520119,0.7088173780805801,0.6507856545538467
3,60,4,13,0.6611324868095604,0.7170807124106889,0.7269081790332071
3,60,0,14,0.7768446666232051,0.7247552584946148,0.6859298964131197
3,60,1,14,0.6189858873639473,0.5619957975937135,0.5786183533680614
3,60,2,14,0.860804144440469,0.7808871392879846,0.8055615787617402
3,60,3,14,0.4925208224780687,0.44097710146791347,0.4527894234689858
3,60,4,14,0.7148151490586943,0.7666541906217937,0.787119397814886
3,60,0,15,0.7763177388447242,0.784019835194269,0.7359375807340495
3,60,1,15,0.7070125753553189,0.6900975356558177,0.6962691723681484
3,60,2,15,0.779786428197635,0.7887725216107452,0.7562550310950893
3,60,3,15,0.7675304478799952,0.6582464658898028,0.710683872119385
3,60,4,15,0.3167671566142478,0.21341294034021602,0.24932789239620817
3,60,0,1,0.3413394295732465,0.3936647820805963,0.3907320176913377
3,60,1,1,0.7967780888303361,0.7984712509613364,0.7824468300989507
3,60,2,1,0.7497389721354357,0.7183000505791907,0.6848165165855624
3,60,3,1,0.6818554526235455,0.6721773096865595,0.6497053828812477
3,60,4,1,0.7999300332515402,0.6224960580733907,0.7025418002564582
3,60,0,2,0.5185486929743277,0.4994037986895067,0.5172255113611163
3,60,1,2,0.7041452575882888,0.679142618788096,0.649703446186928
3,60,2,2,0.8268802457876873,0.7170642889935651,0.7423952700630392
3,60,3,2,0.8090802403608277,0.8052924530209936,0.7740172052994041
3,60,4,2,0.6815365486970724,0.5894049004210467,0.6665399123242151
3,60,0,3,0.7045966466175309,0.6431926684204046,0.5949309471391578
3,60,1,3,0.8481452973074025,0.8201813671154614,0.8302723348113851
3,60,2,3,0.5551842013123996,0.4917587475170536,0.5394771624330771
3,60,3,3,0.708475867769907,0.6887358269246018,0.6777035963398561
3,60,4,3,0.7841060427523089,0.6184512732787159,0.5788050190777763
3,60,0,4,0.7324518177163601,0.6785774244583963,0.6551013211308945
3,60,1,4,0.8082133583323097,0.7411049645217669,0.7788912926229007
3,60,2,4,0.7831451875197815,0.7893979052602375,0.7500992429037051
3,60,3,4,0.6070548778150676,0.5527778086338478,0.5276900411878712
3,60,4,4,0.6065907986333053,0.5136057411955725,0.6370313158315293
3,60,0,5,0.6092057741874197,0.5535061717294179,0.5201475734023496
3,60,1,5,0.8905334631468633,0.6979001848053169,0.8014449276272849
3,60,2,5,0.8009637091103599,0.7303950303240012,0.7337106739551817
3,60,3,5,0.5363343576349954,0.5791310671341637,0.5533040696677598
3,60,4,5,0.7201361183964237,0.6974218067762654,0.6847491634759693
3,60,0,6,0.8690424789691278,0.7870532453662245,0.7712131584135746
3,60,1,6,0.6663704812318347,0.6325927214847328,0.6626247054753679
3,60,2,6,0.5983955112332289,0.6284391657874567,0.6872343894963364
3,60,3,6,0.6887381258554867,0.6996803542946938,0.6616549355334932
3,60,4,6,0.6274536013044107,0.6704238425473668,0.6410398695230098
3,60,0,7,0.3803691810682241,0.3608178274164928,0.32363311216942015
3,60,1,7,0.602780458568768,0.608943067273628,0.6043229530998011
3,60,2,7,0.8184435285050179,0.7647464955017964,0.7558929612905227
3,60,3,7,0.7400258977644811,0.7369575243695662,0.7572358091956027
3,60,4,7,0.8337576770868126,0.6920919186071371,0.7279098871038577
3,60,0,8,0.6243704201278171,0.6264439130410223,0.58776038505455
3,60,1,8,0.6915149751356452,0.6976271247055407,0.6717131448248318
3,60,2,8,0.567639403831889,0.5987185721766864,0.5697795730121628
3,60,3,8,0.8353821915735656,0.7463993492018506,0.7887325724503051
3,60,4,8,0.8022813905152462,0.7283328067152383,0.7324055399514954
3,60,0,9,0.6174104159725551,0.5503114563774029,0.5992931429696845
3,60,1,9,0.8656891608653837,0.7856598686474011,0.710088744549878
3,60,2,9,0.7627396970339555,0.7761751882633793,0.7754422496574327
3,60,3,9,0.7241714176195752,0.7157047326761696,0.7065412856329428
3,60,4,9,0.5303320434283312,0.4792528133191272,0.5139296648680028
3,75,0,10,0.8730232517038407,0.7015277569500469,0.7717957635228947
3,75,1,10,0.69428586204185,0.7029320535691346,0.688774333697239
3,75,2,10,0.6369634700633346,0.6140467217575198,0.583274251178457
3,75,3,10,0.86923308775392,0.8400153004193963,0.8638365798219221
3,75,4,10,0.6349505075236657,0.6850425254844593,0.665876843638405
3,75,0,11,0.6615704164776838,0.7117613299664282,0.6447419925298904
3,75,1,11,0.6424654842588599,0.5712987914755521,0.6526175679993214
3,75,2,11,0.911162781161639,0.8671865366514175,0.8814534949121589
3,75,3,11,0.8104121047044976,0.767659017584703,0.7649129117311503
3,75,4,11,0.8057052635388466,0.7891053036157849,0.6700666635530699
3,75,0,12,0.7010598207196435,0.6530730822104673,0.6760758706715292
3,75,1,12,0.6465464429608379,0.6400892844494147,0.6019942411244952
3,75,2,12,0.5962778998461562,0.7037757222766398,0.6872348282597647
3,75,3,12,0.8512961132048807,0.8169392226696737,0.7972532187978296
3,75,4,12,0.8484237192395554,0.8961583138729194,0.8550306230445412
3,75,0,13,0.483332750240348,0.3178284274251495,0.3552048660421359
3,75,1,13,0.7892500205367464,0.7645147823449522,0.6903290313164575
3,75,2,13,0.9402478998996475,0.9162079835971702,0.90414823016001
3,75,3,13,0.918983729456695,0.8138976205183742,0.758761461733239
3,75,4,13,0.6588039936820758,0.8323207482320837,0.8271979508158157
3,75,0,14,0.7416247296729653,0.7123846526837979,0.6753033220181842
3,75,1,14,0.7063844250666952,0.5583932802316276,0.5821663621207477
3,75,2,14,0.8678890271603198,0.8575209127541024,0.8706241923299834
3,75,3,14,0.609173650673219,0.537748911671697,0.5083333826617916
3,75,4,14,0.8099952535344075,0.9281204526107797,0.8615533951384414
3,75,0,15,0.8334644791937729,0.7921800045176394,0.7235725987941903
3,75,1,15,0.6817570708215468,0.7182419255405309,0.7122916966443058
3,75,2,15,0.8366841420269067,0.87382982849721,0.832403541553392
3,75,3,15,0.8686315082413611,0.7692680596221897,0.7962134587667057
3,75,4,15,0.29590887771673235,0.2778163961435345,0.33524647993314083
3,75,0,1,0.4103412416822502,0.3852808927938649,0.37362189284955755
3,75,1,1,0.8788533399714812,0.8736436789812216,0.8264792872010989
3,75,2,1,0.8611272258090558,0.8575232522358494,0.8381036094009695
3,75,3,1,0.6872135949329021,0.6544945802322925,0.6585779360853463
3,75,4,1,0.8254737151229128,0.6458005401241977,0.7516969071291377
3,75,0,2,0.6986139673448833,0.6678156713786838,0.6438976481944251
3,75,1,2,0.762708244914141,0.6602217138916313,0.6516019429151025
3,75,2,2,0.8683979495056537,0.7961167654369175,0.8188523599852686
3,75,3,2,0.8709274010236172,0.8854379080361977,0.8501497288752702
3,75,4,2,0.7058626556260861,0.6258592333010776,0.7222598266413977
3,75,0,3,0.712688889633967,0.724108815546707,0.6575761261645632
3,75,1,3,0.8944166562141698,0.8316141567707909,0.8563226201304167
3,75,2,3,0.5806402592180668,0.5288060301051016,0.5401900900042382
3,75,3,3,0.8666186850851532,0.8903554551238656,0.8817294170430463
3,75,4,3,0.8496974867854395,0.6410933010867657,0.5702419015856081
3,75,0,4,0.7579293338542338,0.7761999264142178,0.7625960569248553
3,75,1,4,0.8475796163325765,0.718767285249475,0.807551191068784
3,75,2,4,0.8588083902630036,0.9142498170188859,0.8443250043220577
3,75,3,4,0.6193007518505753,0.5799808534669937,0.5061848117157749
3,75,4,4,0.7667539993330861,0.5742970523412304,0.7142524144910555
3,75,0,5,0.6722214592045307,0.5784884208480571,0.48631329254440736
3,75,1,5,0.924870264708879,0.7231120539406026,0.790528177205082
3,75,2,5,0.8595476938703417,0.8523663104465639,0.8424643308163797
3,75,3,5,0.6842773314681908,0.6352832078443509,0.5298513318202268
3,75,4,5,0.7349987817438464,0.7530280323357299,0.8041019988328605
3,75,0,6,0.8767364025576108,0.8515429102981827,0.803549266596395
3,75,1,6,0.7463938552756613,0.7192679523113232,0.7599578398164527
3,75,2,6,0.7548826001002025,0.8106186863472977,0.8139329871710214
3,75,3,6,0.7987089262023102,0.785773172780609,0.7506685976074889
3,75,4,6,0.6389928848580235,0.5406491891400774,0.5456926210046001
3,75,0,7,0.5491675325657457,0.47089906477498356,0.3882424366010853
3,75,1,7,0.79552152155559,0.7843490708616212,0.8298691450897037
3,75,2,7,0.8092781212252909,0.7563797397236535,0.7335121541010362
3,75,3,7,0.6948358595749724,0.6954470880788473,0.7123222953349988
3,75,4,7,0.8673342714447587,0.7830486443221575,0.8704368147076045
3,75,0,8,0.7204336347787459,0.7644830902098714,0.7065135189673226
3,75,1,8,0.7528978181757175,0.8291440832584316,0.8382487217348171
3,75,2,8,0.6202657641125453,0.6200728637092054,0.6137717672615445
3,75,3,8,0.8750219042311311,0.6977983708836711,0.7546101017335659
3,75,4,8,0.8239375878877842,0.7988231281281345,0.7743154759330136
3,75,0,9,0.6000162202875348,0.4743536328638634,0.5530817965086633
3,75,1,9,0.8789234939140856,0.7763429337314142,0.6892309328073658
3,75,2,9,0.8261277124745379,0.9162958572949802,0.8824445131623158
3,75,3,9,0.8638012747247785,0.8765068484414967,0.8998209866358624
3,75,4,9,0.5661099444138661,0.5094121287285711,0.5142562809746769
7,15,0,10,0.7551142748125197,0.7402068837499447,0.7315420698083719
7,15,1,10,0.6196808482019087,0.6346053460788948,0.5734590432350108
7,15,2,10,0.5841816020647408,0.6309873498790627,0.6592657703697747
7,15,3,10,0.8045144991464482,0.7809721211488313,0.8018533344899654
7,15,4,10,0.7630259527436761,0.8026322579651806,0.7677432719241885
7,15,0,11,0.7477332277382385,0.7541392038678252,0.7028720130126574
7,15,1,11,0.6792905362795719,0.6207728718858878,0.6783990155767295
7,15,2,11,0.7120401822481968,0.7417786556724788,0.7245447962701306
7,15,3,11,0.7309222217604907,0.7667225668429849,0.7371885410984998
7,15,4,11,0.7543346833712674,0.7907472819006683,0.7497076702832337
7,15,0,12,0.7647385030826992,0.7278296472600833,0.7603319394642138
7,15,1,12,0.7122201672062705,0.7643168231302644,0.7483569639347627
7,15,2,12,0.5633574718043053,0.5424824223127553,0.48154444173717825
7,15,3,12,0.7330716434321973,0.7608085047702022,0.6932558000621222
7,15,4,12,0.7852111644676597,0.798095638118096,0.8252247683375672
7,15,0,13,0.6901234325741151,0.5971317080799265,0.5550193711892212
7,15,1,13,0.8057621453267181,0.8246431369250282,0.797530880033363
7,15,2,13,0.7463785087269929,0.7523142425040616,0.7625521158261872
7,15,3,13,0.6623269394234936,0.7253863579042903,0.6989537373964787
7,15,4,13,0.6971228054753912,0.6746606998022733,0.6745940919961397
7,15,0,14,0.8624946002112487,0.8500946304220247,0.8261299912336767
7,15,1,14,0.6485055780152608,0.5520857064289362,0.5964027810212047
7,15,2,14,0.8264558784432527,0.8242369458189254,0.822369306323262
7,15,3,14,0.5737718503057827,0.5671734185140721,0.542868859619064
7,15,4,14,0.5941298955301303,0.6746637014383556,0.6027860309327568
7,15,0,15,0.8293084153280057,0.8333717017138984,0.7849438769427104
7,15,1,15,0.7436928658815367,0.7982198148037608,0.8022168999461426
7,15,2,15,0.7571841364782956,0.7935893792181011,0.7660642484673827
7,15,3,15,0.6903118515034434,0.6799349941398393,0.6951274496631429
7,15,4,15,0.47263770691252627,0.42109862460856384,0.47580728369588554
7,15,0,1,0.5182672838688085,0.5701078191133311,0.5462262611638512
7,15,1,1,0.7729978089480349,0.7681513239380072,0.7726503390844452
7,15,2,1,0.800597808640934,0.8174985095094311,0.8192320116199387
7,15,3,1,0.7186122776194774,0.7232705351307893,0.6482848228935532
7,15,4,1,0.7519154583304638,0.679580889857826,0.7400297949513269
7,15,0,2,0.5955822911940748,0.6439785436228544,0.6881152708410986
7,15,1,2,0.7094314573020528,0.728065878365274,0.6567227204756463
7,15,2,2,0.7808148197826683,0.767202040543736,0.7377225274333462
7,15,3,2,0.7754003102719167,0.8299199840875899,0.732902098698958
7,15,4,2,0.7269630620479708,0.6179102212997485,0.7247486877093213
7,15,0,3,0.6996290699047077,0.6667902760808823,0.655697334944413
7,15,1,3,0.7238693580148652,0.7393953793585718,0.7796868437284121
7,15,2,3,0.6761311970015724,0.6247640777850826,0.6740644781629659
7,15,3,3,0.7349899740208368,0.7526366751179738,0.7653064226835762
7,15,4,3,0.7885570713311028,0.7606379439642548,0.7311018715873625
7,15,0,4,0.7440957202206181,0.7055545883882541,0.6356487208128284
7,15,1,4,0.7721856976894567,0.8042180913089851,0.8227704348606324
7,15,2,4,0.7495257544723397,0.8022745651972594,0.813950380202461
7,15,3,4,0.6944733287013805,0.6725777424509687,0.6575475365507657
7,15,4,4,0.6470507752099471,0.5650722561501765,0.6871647162234737
7,15,0,5,0.763668056067592,0.7739883179525633,0.748854178230053
7,15,1,5,0.8304553063194066,0.7160519723595583,0.7698790719912398
7,15,2,5,0.6810598026549564,0.7260898398921387,0.6910595672074948
7,15,3,5,0.5782345548264259,0.572203903613667,0.6182358324056187
7,15,4,5,0.7320839974597071,0.7474224360047015,0.7562823473266002
7,15,0,6,0.8375587124339395,0.8076109850727398,0.7883592714372744
7,15,1,6,0.7587140211986548,0.6503919512628477,0.7040931930400924
7,15,2,6,0.6297625544464697,0.6698999013089553,0.7092431973808395
7,15,3,6,0.6467088196603099,0.7028425599097103,0.6199686018714021
7,15,4,6,0.7119850619892839,0.7673807133810702,0.7344753758500907
7,15,0,7,0.6406566276196639,0.6878577802235287,0.6750243333483001
7,15,1,7,0.5803536562719054,0.6113514877625745,0.6109090411455935
7,15,2,7,0.7673833889735838,0.7658841294488163,0.7311022148503034
7,15,3,7,0.7225424471451352,0.7510909439653181,0.7371051417630554
7,15,4,7,0.8493639179173195,0.7804326051925474,0.7861903948251188
7,15,0,8,0.7505108702083954,0.7730135301049499,0.7838537720565771
7,15,1,8,0.7033761028071116,0.730179837249735,0.7361018003553339
7,15,2,8,0.6736885275351014,0.7055061957210291,0.7221139411689967
7,15,3,8,0.6061539176773347,0.5823265815113741,0.6194032709238932
7,15,4,8,0.7985386441015153,0.8069519290195778,0.7799713561231904
7,15,0,9,0.7023802714620194,0.6714794477837154,0.755336971379422
7,15,1,9,0.7740803896910027,0.7796528115508712,0.7666901890656932
7,15,2,9,0.7664774529624515,0.7720716053904795,0.7725058209506631
7,15,3,9,0.7831353140903161,0.8040233897125695,0.7984216750024654
7,15,4,9,0.49255938586134784,0.4648475180262357,0.43467810206978275
7,30,0,10,0.806600775970407,0.7626119250726058,0.7469662206266662
7,30,1,10,0.651585477609487,0.6363937397147684,0.5675305192673706
7,30,2,10,0.6763762048244629,0.6798623893964656,0.7054240834666807
7,30,3,10,0.8548809607962702,0.7922184746384139,0.8273652227594558
7,30,4,10,0.7772403740888707,0.7855811796354462,0.7700711971263099
7,30,0,11,0.7711866982381219,0.7327594962219725,0.6753949152739716
7,30,1,11,0.7140360320567662,0.6423434057774676,0.6906391038986075
7,30,2,11,0.7777270969230756,0.7861221343138423,0.785868892649471
7,30,3,11,0.8311127547029229,0.811361039065239,0.8050838197086092
7,30,4,11,0.802589873623149,0.7826763326628912,0.7505877224207218
7,30,0,12,0.8027703246678862,0.7212969179119275,0.7674810963852812
7,30,1,12,0.7871132452174427,0.7824785930014023,0.7632188740418204
7,30,2,12,0.5974357487431173,0.5787881056577628,0.4922159709079731
7,30,3,12,0.7774206795540031,0.7648284499516266,0.7401133916377862
7,30,4,12,0.825728358735598,0.807882339833674,0.8299216257927657
7,30,0,13,0.7391562768712497,0.5987074399272438,0.5883417543482331
7,30,1,13,0.8921055794812062,0.8492872224614725,0.8261641673026955
7,30,2,13,0.7609658414719798,0.728980865130328,0.7452810746276188
7,30,3,13,0.7141751166429854,0.6958040665080656,0.6718787085405497
7,30,4,13,0.7722304436158155,0.6962032325707023,0.7011093871359086
7,30,0,14,0.9032527309831662,0.8784291889976494,0.8515461432637949
7,30,1,14,0.6909720619237152,0.543508034208488,0.6087091577641233
7,30,2,14,0.8710512718635324,0.8345460670078714,0.8465835217860094
7,30,3,14,0.62881726992696,0.57186335010566,0.5522657705070609
7,30,4,14,0.6543938868397619,0.6721974335822872,0.6132747088306876
7,30,0,15,0.8714636732962863,0.83950049490665,0.8313471433265911
7,30,1,15,0.8284372800080299,0.8252117607861488,0.8173637133534795
7,30,2,15,0.7584500793831311,0.7690332763779495,0.7551418686593523
7,30,3,15,0.7729059546116183,0.720419969406475,0.7323216641826353
7,30,4,15,0.524992688726322,0.36914223491768944,0.40889827694741543
7,30,0,1,0.536089334180685,0.5776548455307094,0.5476519803895165
7,30,1,1,0.8329698788597746,0.7827005817341752,0.7820387175362413
7,30,2,1,0.8519562345094089,0.8252180972933585,0.8404496465278636
7,30,3,1,0.7365550453304396,0.7415056139877264,0.6870777775506869
7,30,4,1,0.8453937888024665,0.6746264969939153,0.7610468429325996
7,30,0,2,0.6279139418836461,0.6459772997526276,0.7143008228983563
7,30,1,2,0.7757234734611234,0.7513958737624507,0.707976661654116
7,30,2,2,0.8522962544566355,0.7829063935247362,0.7531365167037748
7,30,3,2,0.8130035245306756,0.8153970213697247,0.7101092428073201
7,30,4,2,0.7854681386863147,0.6290182838322564,0.7504347522679046
7,30,0,3,0.7749617135403083,0.7029983592456734,0.711004324689606
7,30,1,3,0.7743725359057683,0.7348613985264689,0.7804785209056694
7,30,2,3,0.69344315016702,0.5964644426688926,0.6652102956045629
7,30,3,3,0.789568775097615,0.7634060918769319,0.7773240753500436
7,30,4,3,0.8398018790847196,0.7657856871886225,0.7497947288569445
7,30,0,4,0.834965985305433,0.7501306907865601,0.6929012600141862
7,30,1,4,0.7944220950679817,0.7955455355296479,0.8060486835654237
7,30,2,4,0.8069380453504715,0.8116789689297542,0.86089531770568
7,30,3,4,0.7211249418736493,0.6721687769954088,0.64737694764741
7,30,4,4,0.6728993677269267,0.5237113569243481,0.6738276011329174
7,30,0,5,0.7178541101019478,0.7443852176121963,0.7174830869361367
7,30,1,5,0.8657305708863657,0.7073660146318327,0.8093383968509051
7,30,2,5,0.8251107035375205,0.7659140584930471,0.7353007335939199
7,30,3,5,0.6016314134320061,0.5825154877303227,0.615408715693301
7,30,4,5,0.8252864475329263,0.7868540927991963,0.7930709146768676
7,30,0,6,0.8346679129244707,0.8118085181809922,0.7815341419980578
7,30,1,6,0.7970604084362889,0.6449747886227946,0.7400803044341581
7,30,2,6,0.7496156155437682,0.7100335496181862,0.7435951161441923
7,30,3,6,0.7023585674121384,0.7014256053067235,0.6478516626591119
7,30,4,6,0.7658128171965892,0.7522608680029392,0.7454343615562531
7,30,0,7,0.674229304585936,0.6801015160722872,0.6744783659023976
7,30,1,7,0.6370282681241226,0.6008709130779164,0.6007789233221081
7,30,2,7,0.8202045895244898,0.7921860626640768,0.7661455519867505
7,30,3,7,0.7496382308724375,0.7333291488866269,0.7368088799288363
7,30,4,7,0.9126233588679314,0.8060774171486397,0.837200598153721
7,30,0,8,0.7489309216093195,0.7558463230242428,0.7957472665546241
7,30,1,8,0.7446047186049057,0.7528809075188461,0.7672987952047556
7,30,2,8,0.7351267986944362,0.7074089283207858,0.7384507094304307
7,30,3,8,0.7652039252256431,0.6133454821968082,0.6768584757094394
7,30,4,8,0.843999666409311,0.8141681047984133,0.7859503502360703
7,30,0,9,0.7219956528371407,0.6302341803040677,0.722368557031067
7,30,1,9,0.8189796593640285,0.8108249903243883,0.8051499508267973
7,30,2,9,0.7999572038135407,0.7707545304202355,0.7658075811689151
7,30,3,9,0.8678230533522557,0.8241045912240361,0.8445410030557121
7,30,4,9,0.5629776826971232,0.5002467963304325,0.4559955605281786
7,45,0,10,0.8089415748626996,0.7796897481058265,0.7804370996045259
7,45,1,10,0.6628914566494448,0.6238200869657002,0.5736822376197693
7,45,2,10,0.7883531484476758,0.7156691502413155,0.7225571311306971
7,45,3,10,0.8454508562554919,0.7967356904512133,0.8366454420441387
7,45,4,10,0.7731761366759374,0.7871907358718566,0.7461351187809508
7,45,0,11,0.8360952866243186,0.7785721790438314,0.7189961439342019
7,45,1,11,0.7691915237958685,0.660297128255951,0.7227617039690711
7,45,2,11,0.746840581332523,0.7809185460889473,0.7938330171747152
7,45,3,11,0.8278896635610884,0.8195241138576735,0.8042924925269501
7,45,4,11,0.7832463250726283,0.7809962028657079,0.7732220861427379
7,45,0,12,0.8107148760999439,0.707172388117892,0.7445653471774906
7,45,1,12,0.7623849891795732,0.7508451175683559,0.7204663169858923
7,45,2,12,0.5969772628582205,0.593922916090736,0.5494318564004255
7,45,3,12,0.7609413807175901,0.7995292442980765,0.7658274427078836
7,45,4,12,0.8706976579269617,0.8398947781243589,0.831748805080065
7,45,0,13,0.698749135315351,0.5648234476737829,0.5948574225253129
7,45,1,13,0.9167043395276955,0.8643540275080835,0.8429254734173633
7,45,2,13,0.7735540271210358,0.7778513147491082,0.7507391205588785
7,45,3,13,0.7318463962269188,0.6875642876678627,0.64859153492698
7,45,4,13,0.7821259412452856,0.7229750716581589,0.7162914092011787
7,45,0,14,0.9214193327816114,0.886574757616764,0.850889663445263
7,45,1,14,0.682795236329214,0.54314292983515,0.5975761758791451
7,45,2,14,0.8986018926676448,0.8469584339951163,0.8651655298446004
7,45,3,14,0.6491489943490911,0.5624276162642359,0.5598291005973807
7,45,4,14,0.6742549339141742,0.7319952415209542,0.7103919670980637
7,45,0,15,0.867407916892722,0.8317520506710434,0.8174594827922138
7,45,1,15,0.8753872208049632,0.8465123803110186,0.8497993307579164
7,45,2,15,0.7170112923893225,0.7501105350886881,0.7438189289868802
7,45,3,15,0.8100284632755029,0.7744591788720201,0.7759983725226577
7,45,4,15,0.5816551372966421,0.3738809844621192,0.44080773495626674
7,45,0,1,0.547528049297696,0.5573331384245236,0.5446022894783141
7,45,1,1,0.862909797377723,0.8209845918543669,0.8023302617290445
7,45,2,1,0.8846770898073497,0.8412055246127058,0.8414140230879815
7,45,3,1,0.7157707062064665,0.7452059666452813,0.6757854006979204
7,45,4,1,0.8436579770037884,0.6585514417751938,0.7914064667339952
7,45,0,2,0.560970032736535,0.6035571361225693,0.6765526200937249
7,45,1,2,0.7868878836771995,0.7949034490499433,0.7265260312670792
7,45,2,2,0.8919305627405266,0.786835281660683,0.7829856961963114
7,45,3,2,0.8491496672113005,0.8450761459167635,0.7242568150977593
7,45,4,2,0.8119020808751386,0.6053923455115651,0.7307652309037382
7,45,0,3,0.7752693574347752,0.7053919283729867,0.706759332418789
7,45,1,3,0.7849857649615896,0.7585398443035147,0.8074312431995428
7,45,2,3,0.7195884327063085,0.5552034272190823,0.6159645417284537
7,45,3,3,0.7914347735451375,0.769406779394324,0.7628916983389796
7,45,4,3,0.8841230215996817,0.8300776810862918,0.7898881619682778
7,45,0,4,0.8259276810506415,0.7453604960946462,0.6893429535937028
7,45,1,4,0.7771108339467743,0.7852754857405637,0.7841118464486811
7,45,2,4,0.842741837634013,0.8379821192854244,0.8959452923091583
7,45,3,4,0.7591721406285459,0.7051895370635981,0.6544506185260692
7,45,4,4,0.7797248229035231,0.5441422214639416,0.7206017017401752
7,45,0,5,0.7585087265094289,0.7586859887261972,0.7224463751645985
7,45,1,5,0.8743665458547158,0.6824581460492419,0.7846115574125403
7,45,2,5,0.8726965678746946,0.8019467215568598,0.7819698693473526
7,45,3,5,0.623537343594943,0.6282952463763133,0.6119680663284669
7,45,4,5,0.7994527273667696,0.7762653270039793,0.7830664450429465
7,45,0,6,0.882465497221539,0.8343150901515282,0.7616517821343161
7,45,1,6,0.8282182713774786,0.6571771003694499,0.7751948470323302
7,45,2,6,0.7805334980886416,0.7689339467816783,0.8022540945343368
7,45,3,6,0.7047049803429459,0.6991123144465878,0.673853911648548
7,45,4,6,0.7147622502133029,0.6993359049285763,0.6591356129182484
7,45,0,7,0.5912703497001166,0.6336089591288296,0.6345628365538779
7,45,1,7,0.6396009386554715,0.5995801879464808,0.6112605324700741
7,45,2,7,0.8279216336921534,0.8019269549569708,0.7852425297648654
7,45,3,7,0.7758225942627973,0.7697831751425163,0.7674560065591193
7,45,4,7,0.9268599320200948,0.8101900071080222,0.8401902936010295
7,45,0,8,0.7386295308716201,0.7083984834294409,0.7261309986786465
7,45,1,8,0.7501159731895272,0.7452331602314489,0.7682603298973937
7,45,2,8,0.7807385904001868,0.7746948693171026,0.812091459821375
7,45,3,8,0.8209698994023822,0.6852572178198412,0.7573005396691681
7,45,4,8,0.8660098601075147,0.8244090077279264,0.7908726390864685
7,45,0,9,0.7311547523762245,0.6104912652143573,0.734128253300009
7,45,1,9,0.8502585176699629,0.8275447703928356,0.8142619756075269
7,45,2,9,0.8302091049297833,0.7625624499005399,0.7518592112381468
7,45,3,9,0.8467492436020072,0.8209379351288947,0.8472743454788084
7,45,4,9,0.6128836680624565,0.5838207916680771,0.5600117060042614
7,60,0,10,0.8353421446694606,0.7887024613864156,0.820670483413815
7,60,1,10,0.7621405636102185,0.6931266651819786,0.6608543431944819
7,60,2,10,0.7470255856939582,0.5908712327507561,0.62551908322153
7,60,3,10,0.8676582804850694,0.8573238407147299,0.8497987086020429
7,60,4,10,0.8010549383436908,0.8371410950609701,0.830119288319294
7,60,0,11,0.77492780127696,0.7535904491632993,0.6606484301345819
7,60,1,11,0.699024131558379,0.6261989916885148,0.6637466768108484
7,60,2,11,0.8414297765534339,0.8531688683720979,0.908949656205455
7,60,3,11,0.9180221607069142,0.8724411141363885,0.9048940405454892
7,60,4,11,0.832818976449669,0.8330114862030695,0.8134852717795078
7,60,0,12,0.7868903585604097,0.7514645135086216,0.7547808469212615
7,60,1,12,0.8585781309411149,0.8072987605346192,0.8103737052436035
7,60,2,12,0.5635330859718514,0.5632178749120773,0.5931276841451246
7,60,3,12,0.8255664468793462,0.8731228556533481,0.8776396447622933
7,60,4,12,0.8594852629077209,0.7929096597079155,0.7647681333252625
7,60,0,13,0.663264483895378,0.570986309934804,0.6419795327854811
7,60,1,13,0.9332854648107687,0.8867149617637731,0.8764344402368257
7,60,2,13,0.8555103479206498,0.82440331292754,0.7939737343839149
7,60,3,13,0.9050499245284448,0.7830637955966976,0.7909321772979719
7,60,4,13,0.7928794611854911,0.7611724039469004,0.7868789892009679
7,60,0,14,0.8887007351118348,0.8973933497602329,0.8868513473349888
7,60,1,14,0.7121261082363693,0.5559736681327444,0.5783176812547394
7,60,2,14,0.9001285734655726,0.8462447219647699,0.8806148690683651
7,60,3,14,0.7188562672054323,0.6076582965902348,0.6538721032699527
7,60,4,14,0.8223505183351462,0.8628505320502334,0.8199293854804175
7,60,0,15,0.8864413433906367,0.8402500278449652,0.8352694788893726
7,60,1,15,0.9028585143473918,0.834829264048442,0.8558161395075548
7,60,2,15,0.8225881541999991,0.8259474716359388,0.8613046629782275
7,60,3,15,0.8264363660491065,0.7693581603266225,0.8047274844040717
7,60,4,15,0.4901158410373095,0.3372179573154739,0.4018409222054338
7,60,0,1,0.4080200654192414,0.4775865355846635,0.46855880972449393
7,60,1,1,0.8564712392831756,0.8389989357356693,0.8209494011173781
7,60,2,1,0.9359631885450458,0.8597786616512678,0.8964468015159884
7,60,3,1,0.7491908209647505,0.759889864520786,0.7311436099197001
7,60,4,1,0.9319912400736905,0.724186214903714,0.860952241303879
7,60,0,2,0.6053382869286479,0.6305075709676795,0.7058512677028734
7,60,1,2,0.8227408875001586,0.8270953619661912,0.8040889735027117
7,60,2,2,0.9243253396542873,0.833171984454793,0.87244969916904
7,60,3,2,0.8657148674245295,0.8328454725339769,0.7099828998805942
7,60,4,2,0.8311261418060206,0.6198493312353018,0.7498919549589131
7,60,0,3,0.7645254190747471,0.7031324360950442,0.7396020760581253
7,60,1,3,0.9058705119388636,0.8652724536756898,0.8884023576412604
7,60,2,3,0.7709923450327515,0.5938839467885304,0.687978310582686
7,60,3,3,0.7954421725138612,0.7644433106585128,0.7848056050571428
7,60,4,3,0.8677446197307708,0.8204853383735526,0.8063927402283857
7,60,0,4,0.7735847538408727,0.779221266807729,0.7459960340285253
7,60,1,4,0.8435208752042503,0.7949021296852243,0.8326220154171584
7,60,2,4,0.9057156428929497,0.8638033658336703,0.9083122347334169
7,60,3,4,0.8096727982490008,0.7321536173414601,0.750992241967858
7,60,4,4,0.7354940587453079,0.5348962992150688,0.6850430803774096
7,60,0,5,0.7720548129887971,0.7007691183016027,0.6721579894182917
7,60,1,5,0.9651615488207999,0.7899281479547199,0.9117886027186751
7,60,2,5,0.9091507725216488,0.8418118909877835,0.8498133002207954
7,60,3,5,0.5147874210045841,0.5663582004937433,0.4648511977242493
7,60,4,5,0.8899195491976819,0.8480959572345814,0.850684470218134
7,60,0,6,0.8685091768900446,0.8003607187165152,0.7707284813781331
7,60,1,6,0.8768944053300664,0.7168148349980725,0.7739902702922103
7,60,2,6,0.7335737401890631,0.7811138969866571,0.8185414744362962
7,60,3,6,0.8162226681045582,0.7714532903687952,0.7287839407277784
7,60,4,6,0.7895541309801243,0.7923991994227438,0.7718363182436064
7,60,0,7,0.5500653683134283,0.5415883568755648,0.6102559574210357
7,60,1,7,0.720230536288936,0.7027441237026179,0.7362640075750454
7,60,2,7,0.8853094982781055,0.8372069075058969,0.8725893776072611
7,60,3,7,0.7857953531814345,0.820958450214176,0.8484277570440866
7,60,4,7,0.9321124763355352,0.8537973077585632,0.8415743154780161
7,60,0,8,0.8139050479117768,0.7182302661966994,0.7647545391675042
7,60,1,8,0.758898533260295,0.7582253751806267,0.7582388757969565
7,60,2,8,0.7904422087267227,0.7964505585343323,0.8341092405272368
7,60,3,8,0.9219588577927704,0.7736407091446672,0.8499343003285762
7,60,4,8,0.8533226783077461,0.8322762381621973,0.8302026173958749
7,60,0,9,0.7521779103787865,0.6174451589308378,0.7672851188882279
7,60,1,9,0.9076277842180372,0.8490676910189117,0.855458388422248
7,60,2,9,0.8893017279458364,0.8260432724189007,0.8106817604630783
7,60,3,9,0.8671278563359607,0.8343643223270562,0.874987145915074
7,60,4,9,0.592625748018133,0.6022307985356636,0.6009550093301601
7,75,0,10,0.8742091021527308,0.813239852476421,0.7725376060897442
7,75,1,10,0.8858819613542592,0.8725146502656036,0.7906896291070387
7,75,2,10,0.8411617492819643,0.6199185057898681,0.6789876853310668
7,75,3,10,0.911196119475253,0.9485819279876844,0.9345053252601815
7,75,4,10,0.8899475912643782,0.9000916263491026,0.825886477679115
7,75,0,11,0.8014399079507893,0.9050336200064226,0.8804879934957495
7,75,1,11,0.7985677665261076,0.7783343730980717,0.7240001046300334
7,75,2,11,0.938443701052116,0.8407726593497815,0.8961568608220625
7,75,3,11,0.907603518606585,0.9342490732347167,0.9014509516939851
7,75,4,11,0.9650529365201973,0.9528109972687884,0.8228804325003415
7,75,0,12,0.8313062529474645,0.8487112217247852,0.8671714376311932
7,75,1,12,0.8518378051956891,0.8431429072223021,0.7743096411199426
7,75,2,12,0.6181533001772133,0.6897160069229323,0.6088353073969982
7,75,3,12,0.9446926779262911,0.9185316673987842,0.8570396962588671
7,75,4,12,0.9363019982050491,0.8865287960418814,0.8727918898397593
7,75,0,13,0.814305936079299,0.5893449300811598,0.585033896490089
7,75,1,13,0.9611776930712209,0.9206437967514054,0.9142291721752174
7,75,2,13,0.9089803005310572,0.8800335744193308,0.857731550596128
7,75,3,13,0.9631743511397717,0.7946892973761844,0.7546665296192189
7,75,4,13,0.8190323926391793,0.8985920396834589,0.9104627109157801
7,75,0,14,0.8768318442954756,0.9313606046945766,0.9273720953030601
7,75,1,14,0.9281589729406906,0.600485106193241,0.7044156550679869
7,75,2,14,0.8967153958310758,0.9300895474981203,0.9307931455323414
7,75,3,14,0.8595482763574337,0.6785190385406684,0.6865638674677118
7,75,4,14,0.851674566752139,0.9784650477235054,0.8935307213276523
7,75,0,15,0.9294722952827769,0.9188567438395163,0.8834666718938443
7,75,1,15,0.9240891375249826,0.9308063957825929,0.933484783417652
7,75,2,15,0.8562195700791774,0.8438331947673116,0.8431769397481848
7,75,3,15,0.9510388399048693,0.7716550300632526,0.8776426716675891
7,75,4,15,0.5145590743542445,0.4054765098775834,0.5287932643190257
7,75,0,1,0.4532925690847595,0.41011900927453393,0.4189198321882775
7,75,1,1,0.9872858526458257,0.9354551745277677,0.8913486104196978
7,75,2,1,0.9809067472173701,0.9861562088635367,0.9827144262081041
7,75,3,1,0.7953667751197924,0.8200647685052324,0.6563365959397319
7,75,4,1,0.9351001682259157,0.7925850698089307,0.8914509616318502
7,75,0,2,0.822655217228357,0.8921639758301525,0.8907346896051046
7,75,1,2,0.9473490194789084,0.8709711720992911,0.6798431152447284
7,75,2,2,0.9585849182129795,0.9107410219433433,0.9206353757834539
7,75,3,2,0.9067310353566765,0.8606574119851628,0.758235401217511
7,75,4,2,0.8883272819201848,0.6525515125912834,0.8469181733815607
7,75,0,3,0.8375415721635622,0.8294522083270449,0.8316078311950768
7,75,1,3,0.9434047157367662,0.8796072624305913,0.8949111588076651
7,75,2,3,0.8133674033647181,0.6814692706202014,0.7313656520242402
7,75,3,3,0.8818979545373142,0.9539416422260522,0.9347457947113982
7,75,4,3,0.9812275768872027,0.8071012609486007,0.7825132093527052
7,75,0,4,0.7930145758331877,0.8328251736747251,0.7589875343940526
7,75,1,4,0.9169569092696563,0.8974019270372602,0.8889890896746854
7,75,2,4,0.9543199461434498,0.9784301104290436,0.9742142997766201
7,75,3,4,0.8916797399961351,0.7325211028630979,0.67582842816115
7,75,4,4,0.8602289860323595,0.6839321675965184,0.876763783357471
7,75,0,5,0.8444733144717504,0.818528602402627,0.8193389646422355
7,75,1,5,0.9895957059628432,0.8089781288129271,0.9217089657356964
7,75,2,5,0.9365117487270431,0.9044590615545648,0.8873205430152841
7,75,3,5,0.7830053531824911,0.8379810035920247,0.5178110450175581
7,75,4,5,0.8704002582267032,0.9157832680888578,0.8680801892535455
7,75,0,6,0.8907151141058621,0.9215204816922304,0.8611384563343806
7,75,1,6,0.9784980170027298,0.7674808036578207,0.8268003391888913
7,75,2,6,0.9500047753691849,0.9464080341939233,0.9444025038218856
7,75,3,6,0.911051855628495,0.9410765534500183,0.7178679740207762
7,75,4,6,0.8371962167179169,0.7378512017659228,0.7178105373681847
7,75,0,7,0.7439653052201085,0.7031034791047082,0.6573993982331121
7,75,1,7,0.9606406529835758,0.8957225572093649,0.9630366710562341
7,75,2,7,0.8787349195365035,0.8612631988759911,0.8751882727326353
7,75,3,7,0.7950480403400857,0.8489025976903128,0.8370130736025433
7,75,4,7,0.9847899769047062,0.9599870908823813,0.9418752368646606
7,75,0,8,0.8729527737026177,0.8583040528418749,0.8232107128274204
7,75,1,8,0.8354772140168866,0.8999304503611913,0.9070138054055439
7,75,2,8,0.9720943859559346,0.900702700132283,0.9342898542030542
7,75,3,8,0.9844750544250106,0.7200903006739523,0.7822985288859833
7,75,4,8,0.8663034558792009,0.9308539161771197,0.9044629014480341
7,75,0,9,0.8605765823761322,0.6809582202540274,0.8985336881344294
7,75,1,9,0.9204171823207097,0.8453834830205947,0.8247420106896849
7,75,2,9,0.9158542474326661,0.9306425519511652,0.8796634571188428
7,75,3,9,0.978419958693363,0.9895892720286956,0.9825794039045012
7,75,4,9,0.6998878521764367,0.6918674185372721,0.5428064862580395
