"subid","day","pred","actual"
1,8,2.06814576409086e-09,0
1,9,6.79543828097683e-09,0
1,10,1.87241338892181e-09,0
1,11,2.00747235974341e-09,0
1,12,2.13148159257857e-09,0
1,13,1.37975258476933e-09,0
1,14,9.9676972686548e-10,0
1,15,2.03292117903892e-09,0
1,16,-2.79494584060952e-10,0
1,17,-2.21063666357331e-09,0
1,18,1.92396896309371e-09,0
1,19,2.47460519622117e-09,0
1,20,9.39061353857934e-10,0
1,21,1.50097148632907e-09,0
1,22,1.54480519003982e-09,0
1,23,1.57005314252365e-09,0
1,24,1.22683808820328e-09,0
1,25,1.3527493828826e-09,0
1,26,1.89946166905629e-09,0
1,27,2.07883537045089e-09,0
1,28,6.44796244767397e-10,0
1,29,1.86397646492614e-09,0
1,30,1.29131536704189e-09,0
1,31,-3.1457414209395e-09,0
1,32,9.48231082302848e-10,0
1,33,-4.12786278053644e-09,0
1,34,2.79891555531073e-09,0
1,35,2.79903610359678e-09,0
1,36,6.87452544053677e-09,0
1,37,8.68293323976187e-09,0
1,38,4.69496091809058e-09,0
1,39,1.27242515692596e-08,0
1,40,1.12055400259143e-08,0
1,41,9.370962458432e-09,0
1,42,1.09376328541957e-08,0
1,43,-3.59394267573742e-09,0
1,44,8.48995670704644e-09,0
1,45,8.31769238580251e-09,0
1,46,9.38589311235978e-09,0
1,47,3.57155471918435e-09,0
1,48,3.61868027183766e-09,0
1,49,3.45095996806409e-09,0
1,50,3.4897161964207e-09,0
1,51,3.53225715179689e-09,0
1,52,3.57566730718601e-09,0
1,53,3.6190588479191e-09,0
1,54,3.66155096807419e-09,0
1,55,3.70251739330273e-09,0
1,56,3.74112880973019e-09,0
1,57,3.77748618037922e-09,0
1,58,3.81143687085983e-09,0
1,59,3.84254723598692e-09,0
1,60,3.87093079698507e-09,0
1,61,3.89651463583837e-09,0
1,62,6.25056109738539e-09,0
1,63,6.33342134449426e-09,0
1,64,-1.86647218462401e-09,0
1,65,-2.29461254814754e-10,0
1,66,9.52212760570237e-09,0
1,67,4.89715240995873e-09,0
1,68,4.69544389007983e-09,0
1,69,4.73109264953927e-09,0
1,70,-3.18661434911584e-09,0
1,71,1.49153136250138e-09,0
1,72,4.87996034511582e-10,0
1,73,2.92076888856644e-10,0
1,74,2.06472539922752e-10,0
1,75,3.21282135908244e-10,0
1,76,4.2719037909677e-10,0
1,77,-1.17606371426145e-09,0
1,78,-9.72625587410048e-10,0
1,79,4.26915032518937e-10,0
1,80,4.74965371333717e-10,0
1,81,5.22092659547469e-10,0
1,82,4.93612107189361e-10,0
1,83,4.77925145883333e-10,0
1,84,-4.79354282509771e-10,0
1,85,-5.79849535801219e-10,0
1,86,-5.51320206443277e-10,0
1,87,-4.41603402299391e-10,0
1,88,6.6305906545325e-10,0
2,8,7.42174266657085e-10,1
2,9,0.527718522797491,0
2,10,0.333711532914294,1
2,11,0.428331828570726,0
2,12,0.106643322699595,0
2,13,0.274436043938677,0
2,14,0.217723346689908,0
2,15,0.293780223928652,0
2,16,0.230759217710185,0
2,17,0.180760337438442,0
2,18,0.152120706892178,0
2,19,0.141361719010302,0
2,20,0.127938146493377,0
2,21,0.11947854970227,0
2,22,0.106055554817357,0
2,23,0.0948177073616747,0
2,24,0.0923055142398886,0
2,25,0.053297347721207,0
2,26,0.0946188185972323,0
2,27,0.0860600678328072,0
2,28,0.0802543547182909,0
2,29,0.0751689727683008,0
2,30,0.0630301940626949,0
2,31,0.0690139951627353,0
2,32,0.0638875815933999,0
2,33,0.063283292698045,0
2,34,0.0594367796340799,0
2,35,0.0536723426942602,0
2,36,0.0563077224852848,1
2,37,0.0425553934155961,0
2,38,0.0223166814773755,0
2,39,0.0883589896715948,0
2,40,0.0660007182786231,0
2,41,0.0842778385824774,0
2,42,0.0820508458371245,0
2,43,0.0750160181806169,1
2,44,0.0974129754443523,0
2,45,0.0975691780302867,0
2,46,0.0952788942082235,0
2,47,0.0933385881683878,0
2,48,0.0908533334389645,0
2,49,0.0882920096443764,0
2,50,0.0863505718391696,1
2,51,0.10752860458636,0
2,52,0.104931344868794,0
2,53,0.102808014543368,0
2,54,0.100543151073915,0
2,55,0.0983819084921169,0
2,56,0.0962921331803668,0
2,57,0.0944288737468839,0
2,58,0.0926712164582129,0
2,59,0.0907465012115935,0
2,60,0.0893191805819285,0
2,61,0.0875990504673422,0
2,62,0.0859481286992037,0
2,63,0.0843331354537666,0
2,64,0.0831587718142767,0
2,65,0.081883755463765,0
2,66,0.0801218498229138,0
2,67,0.0790342432576665,0
2,68,0.0774487235980568,0
2,69,0.0763253856448657,0
2,70,0.0750317459576455,0
2,71,0.0742171055729204,0
2,72,0.0726370079920928,0
2,73,0.0716375248029726,0
